Student.ID,Gender,Ethnicity,Special.Ed,Age,Household.Income,Grade.Level,Performance.Index,Graduated
177437,M,African American,N,18,56159.8897,12,,1
119722,,White,N,18,35849.66824,12,0.9,1
197800,M,White,N,17,57331.86344,12,,1
120132,M,Asian,N,18,36325.76132,12,,1
136123,M,Other,N,18,88078.97078,12,,1
174258,M,White,N,18,37807.02017,12,,1
197867,F,White,N,18,39087.0903,12,,1
149808,,Asian,N,18,17008.36288,12,0.84,1
101331,M,Other,N,17,24532.35354,12,,1
125992,F,White,N,17,29042.52506,12,0.71,1
177582,M,Asian,N,18,51384.02688,12,,1
101637,F,Asian,N,18,51461.53923,12,0.91,1
109573,M,White,N,18,38981.58065,12,,1
114214,F,Asian,N,18,33598.6012,12,0.83,1
121109,F,White,Y,18,46182.99521,12,,1
181114,M,White,N,18,53784.97105,12,,1
103654,M,Other,N,18,38018.39436,12,,1
189149,M,Asian,N,18,31791.47918,12,,1
148315,F,Asian,N,17,75832.38427,12,0.6,1
146658,M,White,N,18,40347.77654,12,,1
198403,F,White,N,18,95538.89973,12,,1
160122,M,White,N,18,39588.96062,12,,1
103833,F,White,N,18,52808.96132,12,,1
114146,M,White,N,16,63045.77075,12,,0
180620,M,Asian,N,16,38593.61913,12,,1
126662,F,White,N,18,43935.5448,12,,1
104269,F,White,N,18,18885.55176,12,,1
161201,F,African American,N,17,36562.37742,12,0.76,1
155319,,African American,Y,18,55260.14906,12,0.86,1
185326,,Other,N,18,59160.84027,12,,1
146964,F,White,N,18,34175.42331,12,0.75,1
139749,F,Other,N,17,84061.23093,12,,1
180438,F,African American,N,18,23017.66439,12,,1
150873,F,African American,N,17,62423.31264,12,0.67,0
163470,M,Asian,N,18,52551.87004,12,,1
149408,M,Asian,N,18,48765.11069,12,,1
128003,F,White,N,18,45926.7281,12,,1
190838,,Asian,N,18,51033.0041,12,,1
178382,F,Asian,N,18,69915.19895,12,0.71,1
155878,F,Asian,N,17,26224.61431,12,0.95,1
124434,F,African American,N,16,28994.64784,12,,1
153075,F,African American,N,18,48340.9437,12,,1
111834,M,African American,N,18,39314.18325,12,,0
198297,,African American,N,18,52899.9293,12,0.69,1
189736,F,White,N,18,50751.80222,12,0.5,1
173824,,White,N,17,47705.24848,12,,0
137714,,African American,N,18,76408.80691,12,,1
160588,M,Asian,N,18,55679.23921,12,,1
151195,M,African American,N,17,40947.6781,12,,1
198877,F,Asian,N,18,46579.11701,12,,1
106909,M,White,N,18,45829.10236,12,,1
108457,,White,N,17,53236.78843,12,0.63,1
112987,F,African American,Y,17,67536.68235,12,0.8,1
174574,F,White,N,18,76022.24895,12,,1
103885,F,White,N,17,52425.68852,12,,1
168526,F,African American,N,18,74662.90446,12,,0
114389,,Asian,Y,18,38182.71093,12,,1
189058,M,White,N,18,48903.23032,12,,1
108958,M,Other,N,18,61647.61238,12,,1
103771,M,White,N,17,76263.93971,12,,1
177441,M,African American,N,18,40624.22386,12,,1
181157,,White,N,18,32177.1697,12,0.41,1
126044,M,White,N,18,56901.22308,12,,1
165119,M,White,N,17,53864.59736,12,,1
192322,,Asian,N,17,45689.50518,12,0.6,1
126593,M,White,N,17,42058.51575,12,,1
126596,M,White,N,17,58150.57798,12,,0
191031,M,African American,Y,18,46048.85839,12,,1
159016,M,Other,N,18,24907.68552,12,,0
191752,F,Other,N,18,69400.77053,12,,1
160337,M,Asian,N,18,46967.72954,12,,1
132803,M,Asian,N,18,27011.9749,12,,0
166564,F,White,Y,18,37683.31594,12,,1
187415,F,Asian,N,18,43343.37931,12,0.62,1
106882,F,White,N,18,46761.21626,12,0.98,1
179287,M,Other,N,18,51734.71853,12,,0
157099,,White,N,16,44120.52275,12,,1
104890,M,Other,N,18,35372.35047,12,,1
197959,M,African American,N,99,42790.19184,12,,1
191382,,White,N,17,47753.88863,12,,1
176535,F,African American,N,18,48909.63293,12,,1
177522,M,White,N,18,40236.32143,12,,1
131226,,African American,N,17,54859.01212,12,,1
184152,M,African American,N,18,71377.99292,12,,1
131388,F,African American,N,18,40422.29488,12,,1
175592,,Other,Y,18,50582.20319,12,0.76,1
196670,,African American,N,18,65761.88024,12,,1
116927,M,African American,N,17,79025.4082,12,,1
169626,,White,N,18,65827.40699,12,,1
187188,M,White,N,18,56169.5454,12,,1
113235,F,African American,N,18,43145.10866,12,0.76,1
107844,M,Asian,N,18,89594.93892,12,,0
137787,M,White,N,18,51982.22866,12,,1
157909,,Other,N,99,80717.56142,12,,1
153592,M,Asian,N,18,28961.92728,12,,1
110842,F,White,N,17,22925.74458,12,0.68,1
173961,M,White,N,18,40829.36878,12,,1
145135,F,White,N,18,43822.35817,12,0.83,1
164548,,White,Y,17,59052.55682,12,,1
174856,F,Asian,N,18,25856.86044,12,,1
157771,,African American,N,18,53333.84847,12,,1
136903,F,African American,N,18,27321.78443,12,,1
188044,M,White,N,18,35542.41234,12,,0
159864,,African American,N,17,84393.91344,12,0.92,1
124151,F,White,N,18,48599.34711,12,,1
199003,M,White,N,18,72020.19995,12,,1
127174,,White,N,18,91845.12809,12,,1
122551,F,African American,N,18,43426.46378,12,0.83,1
130620,M,White,N,17,65315.22666,12,,1
173527,M,White,N,18,26693.16451,12,,0
120564,F,White,N,17,65587.8689,12,,1
124191,F,White,N,18,83894.45238,12,0.79,1
140621,M,White,N,18,43740.12991,12,,1
141086,M,White,N,18,36547.62285,12,,1
122048,,White,N,18,54316.70451,12,,0
186746,F,Asian,N,18,69934.26369,12,0.88,1
176335,F,White,N,18,34767.62871,12,,1
121725,F,African American,N,18,30155.27722,12,0.51,1
189866,M,African American,Y,18,48137.49082,12,,1
181517,,White,N,18,84721.56548,12,,1
115999,M,African American,N,18,51568.7086,12,,0
156597,M,African American,N,17,36354.54206,12,,1
118222,M,White,N,18,110969.4665,12,,1
186679,F,White,N,18,97909.66488,12,,1
109359,,African American,N,18,51956.68649,12,,1
163743,F,Asian,Y,18,34909.40861,12,0.93,1
197225,M,African American,N,18,38955.99822,12,,1
100928,M,White,N,18,42692.41555,12,,1
175018,M,Asian,N,18,66558.58874,12,,1
110379,,African American,N,18,35770.06456,12,0.78,1
134322,M,African American,Y,18,46502.17725,12,,1
159032,F,White,N,17,56038.09473,12,,1
157284,F,African American,N,18,62776.31607,12,0.9,1
194998,F,White,N,18,35069.94269,12,0.29,0
165449,M,White,N,18,59133.23764,12,,1
137684,M,White,N,18,67488.75505,12,,1
194862,,African American,Y,18,55053.97328,12,,1
157816,,White,N,17,70455.02155,12,,1
147457,F,White,Y,18,57324.43529,12,,1
125413,F,White,N,18,38091.18195,12,0.57,1
137532,M,White,N,18,73090.40916,12,,1
105272,,African American,N,17,34568.55251,12,,0
144146,M,White,N,18,37910.7422,12,,1
169628,F,African American,N,17,31290.5797,12,0.86,1
175807,M,White,N,17,64124.55021,12,,0
111357,M,Asian,N,18,72441.2957,12,,1
157517,F,African American,N,18,34798.19843,12,,1
109903,M,White,N,18,128274.9166,12,,0
110958,F,African American,N,18,59810.43647,12,,1
108899,M,African American,N,18,27684.1045,12,,0
147300,M,Asian,N,17,41506.06374,12,,1
135586,M,Asian,N,18,60206.40982,12,,0
121564,M,African American,N,17,35130.92256,12,,1
157234,M,White,N,17,37887.15393,12,,1
100162,F,White,N,18,38627.98426,12,,1
171710,M,African American,N,17,21469.82744,12,,1
126470,M,African American,Y,18,61689.78137,12,,1
115359,F,African American,Y,18,48548.19803,12,0.24,1
128962,F,White,N,18,81929.58285,12,,1
106712,F,African American,N,18,53087.36329,12,,1
193035,,African American,N,18,52201.44913,12,,0
113326,,African American,N,18,34957.11365,12,0.69,1
181132,M,White,N,18,46732.64275,12,,1
175802,,African American,N,18,49649.12336,12,,0
137069,M,White,Y,18,70023.2254,12,,1
195060,M,White,N,17,44204.0631,12,,1
109952,M,Asian,N,16,60766.1817,12,,1
130699,F,African American,N,18,42228.85209,12,0.66,1
149343,M,White,N,17,66050.32058,12,,1
179862,M,African American,N,18,53570.77176,12,,1
184120,,Other,N,18,50030.96279,12,,1
164629,M,Asian,N,18,54798.8247,12,,1
165544,M,African American,N,17,67873.17149,12,,1
122804,M,Other,N,16,57588.4128,12,,1
192240,M,African American,N,99,108204.0633,12,,1
148439,,African American,N,17,36258.3156,12,,1
155364,M,Other,N,16,52250.61892,12,,0
185134,,African American,N,18,49191.26759,12,,1
108971,F,Asian,N,17,61818.50608,12,,1
173963,M,Other,N,18,79709.91457,12,,0
131257,M,African American,N,18,74372.26103,12,,1
110055,F,African American,N,18,52413.84375,12,0.65,1
118373,F,White,N,17,74155.98238,12,,1
121331,F,African American,N,99,66493.11597,12,,1
162455,F,Asian,N,16,37216.2691,12,0.92,1
142721,M,White,N,18,76402.24728,12,,0
162236,F,Asian,N,18,57546.46415,12,0.9,1
157656,M,White,N,17,29338.65518,12,,1
114870,,African American,N,18,25853.7965,12,,1
157467,M,Other,N,18,92415.0649,12,,1
164881,,White,N,18,67807.60684,12,,1
163739,M,White,N,16,62722.26757,12,,1
178593,M,African American,Y,18,49920.51122,12,,1
108046,M,Asian,N,18,51940.05693,12,,0
128933,F,Other,Y,17,36629.68555,12,,1
122267,M,Other,N,18,43798.56976,12,,1
156925,F,White,N,17,38477.62192,12,0.88,1
125554,,African American,N,17,60457.60966,12,,1
151612,F,White,N,18,33437.7183,12,0.81,1
176785,F,Asian,N,18,62430.55248,12,,1
117137,M,White,N,17,84131.68807,12,,1
133842,M,Other,N,18,91916.12698,12,,1
103456,M,African American,N,18,70581.10523,12,,1
137740,F,White,N,16,91060.5156,12,,1
197447,F,Asian,N,18,57200.96036,12,0.75,1
162702,F,White,N,16,58097.89822,12,,1
179134,M,African American,N,18,41190.73622,12,,1
157488,M,Asian,N,18,34655.4209,12,,0
115841,M,White,N,16,50684.00904,12,,1
137484,F,White,N,18,73265.45299,12,0.39,1
171115,M,Other,N,16,38177.59466,12,,0
164093,M,Asian,N,17,61744.30206,12,,1
121722,M,African American,N,18,38029.49976,12,,1
183344,,White,N,16,25968.78913,12,,1
174959,M,Other,N,18,56785.68221,12,,0
109246,,African American,N,18,27636.02787,12,,0
114598,F,Other,N,18,80717.28047,12,,1
122362,M,Asian,N,17,49171.58093,12,,1
124014,M,Asian,N,17,50499.93492,12,,1
147815,F,White,N,18,66335.82005,12,0.79,1
117051,,White,N,18,44422.31309,12,,1
159191,M,White,N,18,53467.70317,12,,1
142501,M,White,N,18,42643.63175,12,,1
178046,,White,N,17,35375.2663,12,0.53,1
188902,M,White,N,17,46904.0782,12,,1
114170,F,White,N,17,39157.60748,12,,1
108706,F,African American,N,18,53518.51524,12,,1
129786,M,White,N,18,25430.70965,12,,0
137711,F,White,Y,17,23897.01301,12,,1
130980,M,African American,N,17,63067.35665,12,,1
185622,F,Asian,N,18,88857.56997,12,,0
118509,M,White,N,18,54437.67733,12,,1
104560,F,Asian,N,17,31821.13893,12,0.53,1
187730,F,White,N,18,76738.92387,12,0.79,1
132584,F,Other,N,18,61103.27682,12,,1
160907,,Other,N,18,50963.66529,12,0.93,1
141281,M,Asian,N,18,74125.50714,12,,0
163013,F,White,Y,18,39237.13289,12,,1
102012,F,African American,N,17,57587.91577,12,0.57,0
155911,,White,N,18,39461.79598,12,,0
121903,F,Asian,N,18,106628.1966,12,,1
171687,,White,N,16,34660.80675,12,,1
188916,M,White,Y,18,45651.41221,12,,0
171238,F,African American,N,18,68618.82327,12,0.84,1
173645,F,White,Y,17,54390.46948,12,,1
174225,M,Other,N,18,42451.31595,12,,1
184581,M,Asian,N,18,56083.47642,12,,1
169984,F,African American,N,18,62425.57176,12,0.59,1
141121,F,White,N,18,32997.49153,12,0.87,1
166992,,White,N,18,45062.57262,12,0.8,1
187115,M,African American,Y,18,41498.49931,12,,1
195621,,White,N,18,53139.31209,12,0.93,1
160063,M,African American,N,18,63052.47404,12,,0
195341,M,White,Y,18,36834.33645,12,,1
130861,F,White,N,17,59015.49705,12,0.97,1
160858,M,White,N,18,36778.1048,12,,1
164344,F,African American,N,18,102225.7884,12,0.48,1
192602,F,African American,N,18,52185.37474,12,0.77,1
112609,M,White,N,17,56028.54714,12,,1
111379,M,Other,N,18,54001.84318,12,,1
175073,M,African American,N,18,27705.69464,12,,1
143556,F,White,N,18,56895.60279,12,,1
177826,,White,N,18,30402.66079,12,,1
107594,,White,N,17,44574.60645,12,,1
129891,F,Asian,N,99,48880.31218,12,,0
165249,M,Asian,N,18,64419.4088,12,,1
113064,F,African American,N,18,34620.45887,12,0.82,1
176338,F,White,N,18,53581.07277,12,,1
130788,M,White,Y,18,32355.01628,12,,1
187458,F,African American,N,18,32893.42328,12,,1
163548,,White,N,17,38155.94054,12,0.7,1
134167,F,African American,N,18,46329.26222,12,0.85,1
142732,,Other,N,18,73949.22524,12,,1
184761,F,African American,N,17,35371.11059,12,0.9,1
100081,F,African American,N,16,38616.28723,12,0.52,1
181134,F,Other,N,18,50036.49174,12,0.76,1
108721,F,White,N,17,69296.08797,12,,1
128825,M,White,N,17,76965.80166,12,,1
184713,F,White,N,17,84474.54598,12,0.26,1
180317,F,Asian,N,18,41220.17417,12,,1
199226,,White,N,17,41335.39929,12,,1
152519,F,Asian,N,17,44423.43502,12,0.82,1
111091,M,African American,N,18,52417.10656,12,,0
194268,,White,N,18,50489.58318,12,,1
172164,F,White,N,18,55650.62794,12,,1
176431,F,White,Y,18,47991.66549,12,0.46,1
192791,F,Other,N,18,24500.03967,12,0.58,1
149733,,White,N,17,49049.42796,12,,1
172188,F,White,N,18,40056.71737,12,,1
136086,M,White,Y,17,57704.22861,12,,1
115634,F,Asian,N,17,87839.64292,12,,1
130248,,African American,N,17,86276.12439,12,,1
174046,F,White,N,18,54052.52457,12,0.84,1
139850,M,Other,N,17,46156.51954,12,,1
193201,F,White,N,99,33114.27834,12,,0
194421,,White,Y,18,63766.01629,12,,1
154317,,African American,N,18,72261.75675,12,0.7,1
183631,M,White,Y,99,37600.45661,12,,1
155996,,White,N,18,57399.18947,12,,1
170570,F,African American,N,18,29539.48588,12,,0
107047,,African American,N,18,107556.9529,12,,1
111963,M,White,Y,17,41939.04486,12,,1
103096,M,White,N,18,40899.51143,12,,0
146160,F,Asian,N,17,42938.89684,12,0.92,1
144699,F,African American,N,18,51259.58164,12,,1
187024,,White,N,18,51390.36719,12,,0
150333,F,White,Y,18,75508.42326,12,0.6,1
190017,F,White,N,17,30406.13189,12,0.53,1
104369,M,Asian,N,17,60153.0621,12,,0
164133,M,Asian,N,17,63897.7643,12,,0
169669,F,Asian,N,17,61859.14692,12,0.82,1
143101,F,Other,N,18,86778.4696,12,0.9,1
182591,M,African American,N,18,50864.68393,12,,1
183848,F,White,N,17,38624.84844,12,0.27,1
192706,F,White,Y,18,48115.81985,12,0.58,1
148382,M,African American,N,17,52694.14212,12,,1
176098,F,White,N,17,72744.30664,12,,0
172038,F,White,N,18,47424.83639,12,0.83,1
116360,M,Asian,N,18,57696.97887,12,,1
198982,M,African American,N,17,59341.82794,12,,0
142089,M,Other,N,17,30272.08791,12,,1
150868,F,Asian,N,18,77008.81002,12,0.76,1
188133,,White,N,18,42883.66159,12,0.34,1
181325,M,Other,N,17,108039.3258,12,,1
130928,,White,N,18,93469.66093,12,,1
128967,M,African American,N,18,45569.2848,12,,1
198259,M,White,N,18,59167.94792,12,,1
148180,F,White,N,18,77427.07312,12,0.39,0
110704,F,Asian,N,18,65004.84756,12,0.56,1
189304,F,White,N,18,58167.23528,12,0.81,1
173145,M,Asian,N,18,70380.19398,12,,1
176164,M,Asian,N,18,54328.49362,12,,1
106671,,White,N,18,51984.07394,12,,1
158428,,White,N,17,56901.61235,12,,1
190769,M,White,N,18,26903.54499,12,,1
198966,M,Other,Y,18,29879.19176,12,,1
174747,F,Asian,N,18,34217.51484,12,0.85,1
103263,M,African American,Y,18,41798.78133,12,,1
125446,F,White,N,16,58835.17262,12,,1
142319,M,African American,N,16,61072.4015,12,,1
136239,F,White,N,18,56788.58392,12,0.7,1
149032,M,African American,N,17,74492.80263,12,,1
143282,F,African American,N,18,32724.40876,12,,1
156860,,White,N,18,39501.80253,12,,1
190478,F,White,N,18,33153.63394,12,0.67,1
114903,M,Asian,N,18,51638.42004,12,,1
140894,M,African American,N,18,66937.18795,12,,1
138484,M,White,N,18,40189.89748,12,,0
134512,F,White,N,18,24270.87008,12,0.6,0
118013,F,Asian,N,17,71606.46201,12,0.66,0
124969,M,African American,N,17,24346.25352,12,,1
172103,M,White,N,18,47122.47065,12,,1
135558,M,African American,N,17,59830.84788,12,,0
175999,M,White,N,18,31134.07646,12,,1
100266,M,African American,N,18,51362.02522,12,,0
189930,F,White,N,17,31733.35653,12,,1
193391,F,White,N,18,102400.7739,12,0.61,1
102868,,White,N,17,61832.0941,12,,0
157844,F,White,N,18,48936.35393,12,0.49,0
131932,F,White,N,18,39003.82245,12,,1
153222,M,African American,N,18,35125.56837,12,,1
184126,M,Other,N,18,41753.85045,12,,1
100439,,Asian,N,18,65534.9253,12,,0
123853,F,African American,N,18,49853.22708,12,0.88,1
108660,F,Asian,N,18,66292.08496,12,,1
142985,M,Other,N,18,33727.15141,12,,1
181402,M,Asian,Y,18,43549.90273,12,,0
168256,M,African American,N,17,53767.4299,12,,1
159477,F,Asian,N,18,98998.80732,12,0.95,1
164666,,African American,N,18,46691.7465,12,,1
188353,M,African American,N,18,54802.05709,12,,1
174943,F,White,N,17,64147.82278,12,0.83,1
143915,F,Asian,N,18,43124.83815,12,,1
176262,M,White,N,18,50510.85397,12,,1
160879,M,White,N,18,118912.0806,12,,1
122953,F,African American,N,16,43564.04317,12,0.87,1
176808,F,White,N,18,37739.26162,12,,1
100343,,African American,N,18,46286.89784,12,,1
130340,M,African American,N,17,50874.18649,12,,1
167519,M,White,N,18,39405.2121,12,,1
182747,M,African American,N,18,39135.88133,12,,1
197745,,White,N,18,42334.99288,12,,1
101455,,White,N,18,55170.45769,12,,1
142581,M,Asian,N,16,49257.05324,12,,1
102593,M,African American,N,18,39422.32511,12,,1
149581,F,African American,N,17,62320.37587,12,0.72,1
178881,F,African American,N,18,68307.8497,12,0.39,0
153449,F,African American,N,17,73652.95055,12,,1
183196,M,African American,N,18,52689.9079,12,,1
125314,F,White,N,18,63787.39573,12,0.4,1
178830,M,White,N,18,116904.4627,12,,1
187031,F,African American,N,18,81429.34387,12,,0
121568,F,Other,Y,18,47176.51142,12,0.66,1
193610,F,White,N,16,44716.25881,12,0.91,1
113795,,White,N,18,66647.89918,12,,1
138195,,White,N,17,63318.97719,12,,1
143225,M,White,N,18,44704.72438,12,,1
129529,M,White,N,17,41043.40855,12,,1
172182,M,White,N,17,84696.33246,12,,1
133469,M,African American,N,18,50018.81209,12,,1
197446,F,White,N,18,61890.91039,12,0.69,0
186261,M,Other,N,18,48726.49435,12,,1
189818,F,Asian,N,17,51390.00821,12,,1
132416,M,African American,N,16,60244.46922,12,,1
139553,,Asian,N,18,46193.60881,12,,1
126398,,White,N,18,70017.76696,12,,1
190600,M,Other,N,18,55415.48638,12,,1
183540,F,White,N,17,51869.64534,12,0.48,1
171337,M,African American,N,18,72328.89959,12,,1
169275,F,African American,N,18,40165.02853,12,,1
146424,,White,N,18,93108.40653,12,,1
138411,M,White,N,17,77134.77013,12,,1
197260,F,White,N,18,47133.3377,12,0.71,1
197435,M,Asian,N,17,43981.97188,12,,1
192582,M,African American,N,17,34656.76739,12,,1
184726,M,African American,N,17,34637.32647,12,,0
188774,M,African American,N,17,50098.36305,12,,1
132251,M,African American,N,18,58581.15598,12,,1
158321,M,Asian,N,18,41620.59775,12,,1
125234,F,African American,N,17,56675.6971,12,0.94,1
161119,M,White,Y,17,36292.96343,12,,1
151486,,White,N,18,56628.83215,12,,1
170549,,White,N,17,49412.63172,12,0.95,1
138300,F,Asian,Y,18,27952.85729,12,,1
169084,F,Asian,N,18,43834.41924,12,,1
148045,F,White,N,17,47415.34001,12,,1
127943,M,Asian,N,16,39219.96802,12,,1
111052,M,White,N,18,38161.25871,12,,1
122428,,Other,N,18,29344.98846,12,,1
119214,M,Asian,N,18,77970.47803,12,,1
176438,F,White,N,17,68113.91103,12,,1
114417,M,Other,N,17,45848.93862,12,,1
139581,F,White,N,17,53909.87314,12,0.9,1
185287,M,Asian,N,18,56453.85087,12,,1
176136,M,White,N,18,80701.72517,12,,1
134761,M,White,N,18,49216.28415,12,,0
125037,M,Asian,N,18,47811.28965,12,,1
146617,F,White,Y,18,34225.50937,12,0.64,1
125852,,Asian,Y,18,24363.56922,12,,1
125028,F,White,N,18,60887.19853,12,,1
110441,F,White,N,99,34743.70018,12,0.76,1
147882,,White,N,18,42460.27373,12,,1
158363,M,African American,N,18,45319.23986,12,,1
115696,F,White,N,18,76906.9634,12,0.76,1
184955,F,African American,N,18,38228.6239,12,0.65,1
179897,M,White,N,18,50662.33813,12,,1
106274,,Asian,N,17,62272.88254,12,,1
177134,F,White,N,18,105554.2693,12,0.19,1
185052,,White,N,16,53579.16171,12,,1
195554,M,African American,N,18,45967.89094,12,,1
152294,F,White,N,17,58616.17397,12,0.65,1
179116,M,White,N,17,54136.97594,12,,1
193010,M,Other,N,17,45212.57253,12,,1
141397,M,White,N,18,50868.70428,12,,1
156832,M,Other,N,18,94356.89074,12,,1
171205,F,African American,N,18,45909.30665,12,,1
149232,F,Asian,N,18,68840.41641,12,,1
131789,,African American,N,18,64958.43451,12,,1
145052,F,Asian,N,18,27913.27661,12,,0
191734,F,White,N,18,31070.60786,12,0.89,1
159112,F,African American,N,18,42169.65998,12,0.68,1
173919,F,White,N,17,32994.90293,12,,1
139327,M,White,N,16,49320.04141,12,,0
137926,F,African American,N,17,52866.40562,12,,1
177566,,Asian,N,18,49481.77366,12,,1
144463,M,Asian,N,18,54993.39235,12,,1
179738,M,White,N,17,41553.73862,12,,1
105283,M,White,N,16,39979.94203,12,,1
167278,M,White,N,17,45041.83254,12,,0
111024,,African American,Y,18,29012.59905,12,0.61,1
155675,M,White,N,18,64132.70789,12,,1
157618,M,African American,N,18,47612.02618,12,,1
105345,F,African American,N,18,23711.1315,12,0.84,1
185715,F,Other,N,18,54749.11742,12,,1
154589,F,Other,N,18,48964.44573,12,,1
119040,M,White,N,18,40055.21241,12,,1
112567,F,African American,N,18,74477.17154,12,0.73,1
140217,M,Asian,N,17,41369.75232,12,,1
122705,M,Other,N,18,44833.86205,12,,1
178721,,White,N,18,36868.74119,12,0.44,1
173876,M,White,N,18,51225.81589,12,,1
126372,F,African American,N,18,39034.07763,12,0.62,1
104954,F,Asian,N,18,57390.34074,12,0.68,0
172380,M,White,N,18,88364.0279,12,,0
113790,,White,N,16,43960.00331,12,,1
147154,M,Asian,N,18,62395.05135,12,,0
127020,F,Asian,N,16,41972.70876,12,,1
135950,,White,N,17,87751.44668,12,,0
139221,,Other,N,18,49108.61,12,,1
151390,M,White,N,17,58636.20855,12,,1
157233,M,White,N,17,39345.05647,12,,1
190895,,White,N,18,45419.95891,12,,1
170875,F,White,N,17,57998.02329,12,0.93,0
128076,F,African American,Y,18,60758.67114,12,0.93,1
173942,F,White,Y,18,42030.14184,12,0.75,0
133506,F,White,N,18,46475.54494,12,,1
108604,M,White,N,18,30012.81642,12,,1
113632,F,White,N,18,51813.15493,12,,1
182907,F,Asian,N,16,67187.05824,12,,1
127996,F,Asian,N,17,45106.11679,12,0.59,1
131505,M,Asian,N,17,61477.78116,12,,1
109303,F,White,N,18,44391.39548,12,,1
160743,M,African American,N,18,45901.77639,12,,0
148376,M,African American,N,18,46737.82545,12,,1
149267,M,African American,N,18,37434.81812,12,,1
161831,F,African American,N,18,47230.35627,12,,1
129659,,White,N,17,59203.49357,12,0.91,1
161907,M,African American,N,18,39888.41644,12,,1
180534,F,African American,N,17,61636.15764,12,0.51,0
134126,F,African American,N,17,44551.52038,12,0.37,1
120939,,Asian,N,18,75041.39548,12,,1
176957,F,White,N,18,32984.01148,12,0.46,1
195088,F,White,N,18,54393.56827,12,0.71,1
128495,M,White,N,18,63906.00616,12,,1
107906,F,White,N,16,60513.85577,12,0.56,0
165765,M,White,N,18,71198.79797,12,,1
131020,,Other,N,16,59007.77859,12,0.78,1
162724,F,Asian,N,18,51219.31103,12,0.53,1
160182,F,White,N,17,45574.21069,12,0.73,1
187216,M,White,N,18,49636.6517,12,,1
103404,,White,N,17,66080.0013,12,,1
176766,M,White,Y,99,45907.89329,12,,1
193196,M,Other,N,18,36880.66417,12,,1
125289,M,White,N,17,50618.99354,12,,1
139111,F,White,N,18,37371.77743,12,,1
140567,F,African American,N,18,49786.539,12,0.86,1
164854,F,White,Y,18,59531.44341,12,0.87,1
123161,F,African American,N,17,38674.5667,12,,1
123857,F,White,N,18,41898.98105,12,0.93,1
146094,M,African American,N,18,31283.17784,12,,1
107535,M,African American,N,18,64464.47254,12,,1
173509,M,Other,N,17,48206.77484,12,,1
164426,M,White,N,17,59932.57507,12,,0
149567,M,Asian,N,18,51556.68774,12,,1
183899,F,White,Y,18,31573.74694,12,0.84,1
142295,,Asian,N,17,36382.48956,12,0.46,1
125784,,African American,N,17,82567.69475,12,,1
184270,F,Other,N,18,52028.33988,12,0.9,0
132332,M,Asian,N,16,40295.30916,12,,1
107224,,White,N,18,74282.16206,12,0.85,1
141128,F,African American,N,18,40367.47638,12,,1
129277,F,Asian,N,17,61668.00636,12,,0
100817,M,Asian,N,18,45283.02277,12,,1
116856,F,Asian,N,18,46181.70172,12,,1
110961,M,African American,N,18,45903.71223,12,,1
135520,,African American,N,18,84725.91179,12,,1
147652,F,Asian,Y,17,40089.44257,12,,1
162548,,White,N,18,73938.65514,12,,1
102903,M,White,N,18,23496.68354,12,,1
131578,F,African American,N,18,65832.41597,12,,1
130449,,Asian,N,17,58613.6022,12,,1
168470,M,White,N,18,55464.99128,12,,1
155161,M,White,N,17,54504.44353,12,,1
177307,M,White,N,17,52290.59458,12,,1
175809,M,White,N,18,61468.07856,12,,1
142301,M,White,N,18,66669.38224,12,,1
196011,M,White,N,18,41312.82003,12,,1
193272,M,White,N,17,38253.58357,12,,1
143390,,White,N,18,34415.42141,12,,1
136309,F,African American,N,18,70526.65253,12,,1
192855,M,African American,N,18,76518.9855,12,,1
109305,F,African American,Y,18,53329.84263,12,,1
117683,F,White,N,17,64209.09123,12,,1
163075,M,Asian,N,18,34761.27941,12,,1
142390,M,White,N,17,29007.68798,12,,1
124633,F,Asian,N,18,43380.05421,12,,1
167659,M,White,N,18,68174.86163,12,,0
194567,,Asian,N,17,71454.72142,12,,1
100553,M,White,N,17,13744.60748,12,,0
165388,M,White,N,18,34792.00212,12,,1
146327,,African American,N,18,66219.12252,12,,1
185775,M,African American,N,18,77238.09776,12,,1
119057,M,African American,N,18,52554.56716,12,,1
187714,M,White,N,18,23342.14563,12,,1
111628,M,Asian,N,18,27143.36529,12,,1
187895,M,African American,N,17,73173.73028,12,,0
183946,F,Other,N,17,38703.74534,12,,0
154239,F,White,N,18,41834.50177,12,0.87,1
133616,F,White,N,18,44091.69626,12,,0
160926,F,White,N,17,41936.93141,12,0.97,1
130182,F,Asian,N,18,61121.22034,12,0.63,1
199086,M,White,N,18,93152.30163,12,,1
124348,M,White,N,18,42169.2797,12,,1
149170,,White,N,18,74731.0814,12,,1
109782,M,Other,N,18,49163.32101,12,,1
154810,M,Asian,N,16,40599.9111,12,,1
106292,M,White,N,18,51611.32247,12,,0
111026,,African American,N,18,39252.09319,12,,0
126365,F,Other,Y,18,55458.8019,12,,1
165532,M,White,N,17,63035.40362,12,,1
110057,M,White,N,18,69222.50205,12,,1
190976,M,White,N,16,84181.68763,12,,1
149007,F,African American,N,18,60315.85553,12,0.52,1
140591,,African American,N,16,48987.0616,12,,1
189634,M,Asian,N,18,111144.9789,12,,1
162485,M,African American,Y,18,63969.69152,12,,1
104866,,Asian,N,17,50926.62561,12,,1
139258,,White,N,16,51545.8775,12,,0
125757,F,Other,N,16,35605.84335,12,0.55,1
132963,M,Asian,N,18,35708.21904,12,,1
166293,F,White,N,18,54500.36803,12,,1
162156,M,White,N,18,40258.08765,12,,1
150449,,White,Y,18,78024.86615,12,0.67,1
128279,,White,N,18,38279.91419,12,,1
135997,M,Other,N,18,32678.84428,12,,1
176384,F,African American,N,18,38642.5185,12,,1
129703,M,White,N,18,51038.72569,12,,1
136941,M,Asian,N,16,50568.09689,12,,1
103245,F,White,Y,17,41347.46567,12,0.7,0
114392,F,White,N,18,69021.26599,12,,1
146465,M,White,N,17,70871.43367,12,,1
146419,,White,N,18,40703.62537,12,,1
161610,,African American,Y,18,40889.29616,12,,1
199079,,White,N,18,50287.82162,12,0.84,1
191684,F,White,N,18,44115.38075,12,0.82,1
103056,M,White,N,16,44742.33583,12,,1
153431,M,White,N,18,80590.14319,12,,0
132283,M,White,N,18,53764.79959,12,,1
191355,F,Asian,Y,17,50866.2755,12,0.68,1
135992,M,White,N,17,85419.72157,12,,1
125608,M,Other,Y,99,38123.86151,12,,1
177226,M,White,N,18,45545.61941,12,,1
105995,M,African American,N,18,40183.84097,12,,1
114716,M,White,N,18,64021.3091,12,,1
134784,M,Other,N,17,39460.32223,12,,1
172005,F,Asian,N,18,31187.26116,12,,1
116584,F,African American,N,18,30567.88113,12,,1
162147,M,White,N,18,34191.52848,12,,1
121477,F,White,N,18,45614.30168,12,0.68,1
107984,M,African American,N,18,55118.22814,12,,1
185187,M,Asian,N,18,100440.8563,12,,1
153078,M,Other,N,18,36445.4872,12,,1
190543,F,White,N,18,49639.75408,12,0.55,1
133699,M,African American,N,18,40275.57448,12,,1
129610,M,Asian,N,17,25485.02186,12,,0
183457,F,White,N,18,38485.75876,12,0.6,1
105565,,Asian,N,99,43132.22119,12,,0
124996,F,Asian,N,17,38300.96556,12,,1
110590,M,Asian,N,18,60887.14499,12,,1
108397,M,White,N,18,36184.75058,12,,1
104594,F,White,N,18,63012.23053,12,0.68,1
164972,M,White,N,18,99950.37142,12,,1
156342,F,White,N,18,43742.90974,12,,1
160101,F,Asian,N,18,70520.34631,12,0.68,0
135874,M,Other,N,17,34739.83506,12,,1
147536,M,African American,N,18,64411.26193,12,,0
119957,F,African American,N,18,33399.60684,12,0.78,1
122148,M,White,N,18,35086.6305,12,,1
194330,M,Other,N,18,76779.65884,12,,1
103050,F,African American,N,18,52053.80186,12,,1
140030,F,Asian,N,18,58459.74541,12,0.62,0
157724,F,White,N,18,51803.22605,12,,1
179235,M,White,N,18,52758.26319,12,,1
121131,M,Asian,N,17,38780.73152,12,,1
173223,F,African American,N,18,51037.02075,12,,1
182936,M,Asian,N,18,60788.15209,12,,0
134016,F,White,N,17,29346.81053,12,0.5,1
137060,F,Asian,N,18,53126.84346,12,,1
173766,M,Other,N,18,39283.71286,12,,1
110161,M,Asian,N,18,47339.95283,12,,1
181565,F,African American,N,18,23516.73457,12,0.6,1
171467,F,African American,N,18,40189.79231,12,,1
194259,F,African American,N,18,68754.12695,12,,1
161073,M,White,N,18,44558.68112,12,,1
146253,M,White,N,18,41087.33587,12,,1
168249,M,White,N,16,80000.70155,12,,1
184081,,Other,N,18,58529.72,12,,0
127350,F,African American,N,18,46145.70777,12,0.52,1
123365,F,Asian,N,17,60610.09892,12,0.73,0
186347,F,Other,N,17,104180.5013,12,,1
149418,F,White,Y,17,78245.06317,12,0.9,1
152734,M,White,N,18,63512.89389,12,,1
183927,F,Asian,N,18,58219.56672,12,,1
123007,F,Asian,N,18,66962.84786,12,0.54,0
100502,M,African American,N,17,39817.78252,12,,1
119651,M,White,N,18,52341.31553,12,,1
184542,M,White,N,17,77558.47907,12,,1
178950,M,Other,N,18,72649.24347,12,,1
140515,M,White,Y,18,90032.58271,12,,1
133915,F,White,N,18,74464.87598,12,,1
123741,,White,Y,18,37420.64708,12,0.76,1
167506,,African American,N,17,49655.27995,12,,1
116397,F,White,N,17,34780.48069,12,,1
153099,,Asian,N,18,49442.85696,12,0.63,1
191076,M,African American,N,18,71770.25305,12,,1
170330,M,Asian,N,18,46664.51673,12,,1
170132,,White,N,17,85018.87955,12,,1
117971,F,White,N,18,32234.70636,12,0.79,0
175491,M,Asian,N,16,72474.06991,12,,1
189254,M,African American,N,18,73570.46089,12,,1
172019,M,African American,N,18,76838.7735,12,,0
119277,M,African American,N,17,33126.44486,12,,1
170644,F,White,N,18,46336.22294,12,0.66,0
191132,M,Asian,N,18,56789.85265,12,,1
185837,M,African American,N,18,66906.81833,12,,1
160559,F,White,N,17,71788.71508,12,,1
128007,M,Asian,N,18,39062.41941,12,,1
196512,M,White,N,18,54338.0988,12,,1
153185,,African American,N,18,51971.83129,12,,1
122576,F,White,N,17,32954.24772,12,0.96,1
159554,M,Other,N,18,58798.59085,12,,1
115300,F,White,N,17,65709.61435,12,,1
146051,F,African American,N,18,50878.86135,12,0.61,1
184002,F,White,N,17,55096.78579,12,,1
143235,F,Asian,Y,18,67649.83635,12,,1
176812,M,White,N,18,42096.23619,12,,1
109603,,White,Y,16,121541.9746,12,,1
142193,F,African American,Y,99,54820.00686,12,,1
157306,M,African American,N,18,62962.27216,12,,1
147235,M,African American,N,18,113532.1718,12,,1
117435,F,White,N,18,60719.99232,12,,1
123321,M,African American,N,18,35999.30959,12,,1
143126,F,White,Y,18,72135.30715,12,,1
157073,F,Asian,N,18,56679.60088,12,0.94,1
198502,F,White,N,18,67573.23668,12,,1
175079,F,Other,N,18,80637.67355,12,0.43,1
135962,F,Asian,N,18,38107.86238,12,,1
154342,,Other,N,18,49234.49159,12,,1
118462,M,African American,N,18,42845.94764,12,,1
152075,M,African American,N,18,91013.33516,12,,1
122345,F,African American,N,18,32788.8439,12,0.71,1
190477,M,African American,N,16,54299.42928,12,,1
175834,,African American,Y,17,29745.62769,12,,1
133868,,Other,N,17,72108.85431,12,,1
181445,,African American,N,17,95479.17919,12,,1
197759,M,Other,N,18,44657.84145,12,,1
139956,F,African American,N,17,55743.84224,12,0.82,1
139544,M,African American,Y,18,49634.58937,12,,0
135280,F,White,N,99,55890.269,12,0.69,1
198905,,White,N,18,32730.00364,12,0.46,1
141784,M,Asian,N,17,44708.64439,12,,0
181904,,African American,N,18,36184.09783,12,,1
105361,F,White,N,18,59210.31359,12,0.88,1
112575,F,White,N,17,47182.96223,12,0.66,1
197600,M,Asian,N,18,43098.84573,12,,1
143488,,White,N,17,79452.58552,12,,0
109702,,White,N,17,60403.09831,12,,0
114357,F,White,N,17,71902.88835,12,,0
169456,,African American,N,16,103144.9256,12,,1
195696,,African American,N,18,25731.26554,12,,1
156757,F,White,N,99,64041.77059,12,0.93,1
196890,M,White,N,17,71579.93751,12,,1
176051,M,White,N,16,79241.41815,12,,1
135067,M,White,Y,18,36403.54283,12,,1
166232,F,Asian,N,18,58348.15122,12,,1
180609,M,Asian,N,18,63637.61551,12,,1
167562,,Other,N,18,53538.06446,12,,1
141406,M,African American,N,18,54462.05688,12,,1
162656,M,Asian,Y,18,63557.17776,12,,0
183931,M,Asian,N,18,42552.36932,12,,0
131238,,Asian,N,16,38978.05592,12,,0
161839,M,White,N,17,46996.84939,12,,1
124703,M,Asian,N,18,21330.44304,12,,1
116902,F,African American,N,17,40607.94077,12,,1
105244,M,African American,N,18,27477.1801,12,,1
134974,M,Asian,N,18,28268.52586,12,,1
171001,M,Other,N,99,34257.63167,12,,1
176361,F,Asian,N,18,48504.29313,12,0.64,0
104362,F,Other,Y,18,90268.81979,12,0.57,1
129435,F,White,N,18,38680.13603,12,,1
136998,F,Asian,N,17,34413.06255,12,,1
160184,M,African American,N,17,52359.07697,12,,1
117312,,Asian,N,18,62312.37381,12,,1
132315,,Other,N,17,59111.61246,12,,1
152731,,African American,N,17,53936.69828,12,,1
121166,M,Other,N,17,45782.06463,12,,0
110905,M,Asian,N,18,30601.2595,12,,0
146702,M,White,N,17,22051.05903,12,,1
101817,F,African American,Y,18,45308.44805,12,0.61,1
160734,F,African American,N,18,55409.70951,12,,0
133175,,African American,N,18,38708.00703,12,,1
197552,M,African American,N,18,50269.39355,12,,1
162911,F,African American,N,18,59339.21888,12,,1
174601,F,African American,N,18,37598.4497,12,0.9,1
127134,F,White,N,18,72679.85973,12,,1
124167,F,Other,N,18,107012.1696,12,0.57,0
134756,M,Other,N,18,54233.75489,12,,1
147954,F,Other,N,17,33260.83585,12,0.63,1
196586,,African American,N,18,47717.55785,12,0.45,1
121723,M,African American,N,18,51952.74855,12,,1
148824,F,Other,N,18,46562.40638,12,,1
171691,F,Asian,Y,18,113084.7359,12,,1
150306,,African American,N,18,42146.66893,12,0.71,1
106959,M,White,N,17,44439.77166,12,,1
101929,M,Other,N,18,89809.37556,12,,0
120396,F,Asian,N,18,105254.451,12,,1
174827,F,White,N,18,72579.80058,12,,1
162546,F,White,N,18,81024.5516,12,0.69,1
184230,M,African American,N,18,59129.93074,12,,1
105061,F,Asian,N,17,50468.18715,12,,1
179728,F,White,N,18,43091.36521,12,,1
157879,,White,N,18,34216.96647,12,,1
187966,F,Asian,N,18,54220.00044,12,0.49,1
194274,M,Other,N,18,97159.88229,12,,1
107271,M,African American,N,18,55517.7254,12,,1
182767,F,White,N,17,28920.12543,12,,1
136034,M,African American,N,16,66857.19993,12,,1
144101,F,Other,Y,18,41088.21338,12,0.78,1
194659,M,Asian,N,18,44853.78264,12,,0
101036,M,White,N,18,64495.52453,12,,1
127139,,Other,N,17,53986.88311,12,,1
182408,M,White,N,18,71967.18282,12,,0
181642,,Asian,N,18,43280.00603,12,0.39,1
138956,F,Asian,N,18,46238.54778,12,0.68,0
172934,M,African American,N,18,65235.50226,12,,1
189419,M,White,N,18,96468.60663,12,,1
108157,F,African American,N,17,29500.92061,12,,1
136590,,White,N,18,37380.759,12,,1
136015,,Asian,N,18,44332.99146,12,,0
148418,F,Asian,N,18,59496.46419,12,0.94,1
179422,,African American,N,18,75725.74658,12,,0
157130,F,Asian,N,18,31482.31032,12,0.77,1
178102,M,White,N,18,23241.56533,12,,1
184252,M,African American,N,18,50890.90492,12,,1
118853,F,African American,Y,17,67934.27315,12,0.45,1
152961,,White,N,18,19813.52739,12,,1
182665,M,White,N,18,78989.4618,12,,1
174830,,African American,N,99,49653.50555,12,,1
142687,F,African American,N,18,46229.89614,12,,0
174906,M,African American,N,18,38540.55788,12,,1
131385,M,Asian,N,18,71784.80039,12,,1
181480,F,White,Y,18,61770.41144,12,,1
164410,F,African American,Y,18,23733.17241,12,0.74,1
115364,F,White,N,18,39891.52878,12,0.92,1
137109,,White,N,17,65359.37901,12,,1
128450,,African American,N,18,49074.90206,12,,0
183629,M,African American,N,18,52062.57866,12,,1
118035,F,White,N,17,62363.39673,12,,0
160192,F,African American,N,18,25485.54726,12,0.74,1
165173,F,White,N,18,54610.39775,12,,1
180460,M,African American,N,17,38690.13174,12,,1
154208,,Asian,N,18,64044.08894,12,0.66,1
183102,M,White,N,18,56465.72031,12,,1
106591,,African American,N,18,46652.38268,12,,1
196675,,White,N,18,63257.2931,12,,1
179906,,African American,Y,18,41611.08727,12,,1
106576,F,Other,N,18,50652.80601,12,0.6,0
177530,M,Asian,N,17,71215.07287,12,,1
157960,M,White,N,17,35920.2533,12,,1
179161,F,White,N,18,88927.35282,12,0.37,1
155072,F,White,N,18,36307.43515,12,0.71,1
181930,M,White,N,18,44023.81361,12,,1
129556,,Asian,N,18,80914.18402,12,,1
192687,M,White,N,16,71366.84658,12,,1
168830,,White,N,18,72695.86616,12,0.8,1
185616,M,White,Y,18,52869.60822,12,,1
120029,,Asian,N,17,45540.25361,12,0.84,0
126084,F,White,N,18,69048.09046,12,,1
179570,M,Asian,N,18,40432.2489,12,,1
102278,M,Asian,N,18,83627.50788,12,,1
178142,M,White,N,17,75130.9782,12,,1
112068,M,African American,N,18,33696.61342,12,,0
125515,,African American,Y,18,69391.41843,12,,1
110416,F,White,N,16,57558.58856,12,0.48,1
139256,M,African American,N,17,29995.59466,12,,0
140324,,African American,N,18,53303.59324,12,,1
145351,,African American,N,18,32148.1148,12,,1
101470,M,African American,N,18,51564.56567,12,,0
189978,M,African American,N,18,49033.92332,12,,1
136312,,White,N,17,35168.7989,12,,1
171884,F,White,N,17,60869.08894,12,,0
177633,M,White,N,18,76183.628,12,,1
140557,M,Asian,N,99,58934.22613,12,,1
121321,F,White,N,18,23599.94382,12,,1
139725,M,African American,N,18,58404.49366,12,,1
158546,F,White,N,17,64138.86463,12,0.88,1
152567,F,African American,Y,18,40787.5117,12,0.62,1
114643,M,African American,N,18,66454.94159,12,,1
122304,M,Other,N,17,50359.16738,12,,1
156180,F,African American,Y,16,36824.36193,12,0.49,1
122146,F,African American,N,18,46394.8667,12,,1
105409,M,Asian,N,18,59902.2725,12,,1
161891,F,White,N,18,65905.5692,12,,1
184824,F,White,N,18,55988.02542,12,0.88,1
104316,F,African American,N,17,40339.23675,12,,1
136731,M,Asian,N,18,52600.92542,12,,1
175841,M,White,N,16,53248.10297,12,,1
194328,F,African American,N,18,59696.39328,12,,1
148255,,Asian,Y,17,66537.56962,12,,1
158414,F,Other,N,18,94028.88448,12,0.44,1
166988,M,White,Y,18,100157.2224,12,,1
131660,,Asian,Y,18,79202.54906,12,0.52,1
168331,F,Asian,N,18,46103.08245,12,,1
153167,M,White,N,18,82786.87455,12,,1
114952,,White,N,18,65008.02594,12,0.8,0
184005,M,Asian,N,18,49705.10508,12,,1
129983,,African American,N,16,49853.11804,12,,1
125352,M,Asian,N,18,43752.15862,12,,1
151127,M,Other,N,18,49230.89278,12,,0
165986,F,Asian,N,18,38132.83599,12,,1
156615,M,White,N,18,82323.42295,12,,1
196431,,White,N,18,38784.57559,12,,1
143431,M,African American,N,17,30600.1576,12,,1
160247,M,White,N,17,60080.57535,12,,1
187320,M,African American,Y,18,57283.56277,12,,1
137882,,White,N,18,39978.61086,12,,1
189594,,African American,N,18,29945.90338,12,,0
181086,F,White,N,18,54329.57722,12,,1
118739,F,African American,N,17,88705.87857,12,0.82,1
127683,F,African American,N,99,81345.61085,12,0.78,1
109474,M,African American,Y,18,32282.07956,12,,1
142915,M,White,N,18,52366.21328,12,,1
116361,F,Asian,N,18,91999.59636,12,0.63,1
118270,F,African American,N,18,80242.05856,12,,1
178846,F,White,Y,16,33730.79047,12,,0
161720,M,Other,N,18,28828.98321,12,,1
153380,M,African American,Y,99,49470.7456,12,,1
103439,F,White,N,18,79399.79832,12,0.97,1
136285,F,Asian,N,18,57888.41846,12,,1
119420,,White,N,18,76688.31263,12,,1
127687,F,African American,N,18,54718.71065,12,0.85,1
195365,F,African American,N,17,53458.14823,12,0.94,1
193849,M,White,N,17,41746.06832,12,,1
154405,,White,N,18,66645.87664,12,,1
196605,F,White,N,17,50625.09405,12,0.97,1
171141,F,Asian,N,18,81456.26437,12,,1
135242,F,Other,N,17,69025.80961,12,,1
185970,M,White,N,18,75646.01736,12,,1
122905,M,Asian,N,18,31200.79087,12,,1
107536,F,Asian,N,18,76124.77957,12,0.48,1
138804,M,African American,Y,17,43971.60476,12,,1
167530,M,African American,N,99,62481.70763,12,,1
194496,,White,N,18,44757.41524,12,0.44,1
102039,F,Other,N,17,63621.02622,12,,1
171055,,White,N,18,62803.46702,12,,1
166333,F,African American,N,18,42011.46182,12,0.48,1
165253,M,African American,N,18,55927.59195,12,,1
125226,M,Asian,N,17,31830.69031,12,,1
139556,,African American,N,18,36179.68253,12,,1
148955,M,White,N,17,32274.21363,12,,1
117247,F,Asian,N,18,79576.63383,12,,1
119303,F,White,N,17,50576.48754,12,,1
187165,M,Asian,N,18,57168.4031,12,,1
147174,F,Other,N,17,53978.05024,12,0.88,1
116022,,Other,N,18,47391.97923,12,0.77,1
140168,,Other,N,18,53493.08595,12,0.6,0
116507,F,White,N,18,41447.63241,12,,1
107442,M,White,N,18,93858.28959,12,,0
128120,M,Asian,N,17,81134.10387,12,,1
107606,M,White,N,18,27836.52903,12,,1
192739,M,Other,N,18,48230.69448,12,,1
192430,F,African American,N,16,58253.96296,12,,0
113437,M,White,N,18,42887.26511,12,,0
167308,,White,N,18,33354.84753,12,0.64,1
151481,F,Other,N,17,36920.45505,12,0.45,1
133622,F,Other,Y,18,29548.66435,12,,0
103954,M,African American,N,18,48019.98054,12,,0
118065,F,African American,N,16,57046.82065,12,0.76,1
136859,F,African American,N,18,40408.83295,12,0.79,1
174488,F,African American,N,17,46209.01105,12,0.59,1
110878,F,African American,N,17,40647.80736,12,,1
179070,M,White,N,18,61741.56998,12,,1
118186,M,African American,N,18,70990.70201,12,,1
159770,F,White,N,18,42654.2722,12,,0
160432,M,African American,N,18,39789.63773,12,,1
104071,F,White,N,18,93083.89967,12,0.59,1
149459,,White,N,18,38446.23265,12,,1
120536,M,African American,N,18,44431.29081,12,,1
132305,F,White,Y,18,53557.90085,12,,1
148223,F,Asian,Y,18,45167.57814,12,,1
164057,F,African American,N,17,71862.66642,12,0.79,0
112874,,Asian,N,18,33154.34642,12,0.57,0
165877,F,Other,Y,16,37101.71077,12,,1
144548,M,White,N,17,81466.06339,12,,1
164737,M,Other,N,18,74675.65582,12,,1
168914,F,White,N,18,63013.47835,12,,1
174629,F,African American,N,17,43847.45662,12,0.52,1
106070,F,White,N,18,36438.05013,12,,0
104945,M,African American,N,18,63091.24307,12,,1
104561,,Other,Y,17,73131.97442,12,,1
183644,M,Asian,N,17,62133.88385,12,,1
110386,,White,N,18,55224.81397,12,,1
125954,F,African American,N,17,121045.778,12,,1
114728,M,African American,N,18,72017.31958,12,,1
117351,,White,N,18,67456.18631,12,,1
101947,F,White,N,17,46242.28126,12,,1
143839,F,African American,N,18,39066.9627,12,0.61,0
109336,M,Asian,N,17,43305.97532,12,,1
188465,F,White,Y,18,25926.0643,12,,0
157984,M,Asian,Y,18,31559.49765,12,,1
190800,F,Other,Y,18,45944.47159,12,0.82,0
164172,,African American,N,17,58792.08008,12,,1
176862,M,African American,N,17,43892.37544,12,,1
120290,F,African American,N,18,43459.7124,12,0.69,0
156758,M,White,N,18,46551.51268,12,,1
185476,,African American,N,18,49298.82429,12,,1
149977,,White,N,18,45748.45367,12,,1
146502,M,Asian,N,17,76488.25048,12,,1
142342,M,White,N,18,100086.1994,12,,0
113023,F,Other,N,17,36176.49406,12,0.74,1
115780,M,White,N,18,67558.53067,12,,1
183741,M,Asian,N,18,80216.56831,12,,0
185019,F,African American,N,18,39950.30615,12,0.86,1
149790,F,African American,N,18,41011.85341,12,0.66,1
155376,F,White,N,18,65484.72256,12,0.88,1
137212,F,Asian,N,17,40533.13459,12,,1
197924,,African American,N,18,53582.7472,12,,1
192872,,Other,Y,18,63533.58769,12,,1
196094,F,African American,N,18,51140.53857,12,,1
121402,F,White,N,18,52104.75145,12,,1
