;codigo_micro;homicidios_15;tx_hom_15;tx_hom_pct_15;pop_15;homicidios_05;tx_hom_05;tx_hom_pct_05;pop_05
0;29001,0;2;1,0454837714781573;0,1798561151079137;191299,0;10,0;5,67221409204869;4,166666666666666;176298,0
1;35003,0;3;2,854532998401462;0,3597122302158274;105096,0;3,0;2,9191966370854745;0,5434782608695652;102768,0
2;35015,0;2;3,2530904359141184;0,539568345323741;61480,0;11,0;14,162664640976452;35,869565217391305;77669,0
3;35030,0;14;5,043609206748349;0,7194244604316548;277579,0;30,0;8,499498529586754;14,492753623188406;352962,0
4;35023,0;11;5,149354692232432;0,8992805755395683;213619,0;14,0;7,616063365647203;10,68840579710145;183822,0
5;35001,0;6;5,652112477038293;1,079136690647482;106155,0;2,0;3,921107320707368;1,4492753623188406;51006,0
6;15005,0;11;5,716958578036484;1,2589928057553956;192410,0;11,0;6,837946875369093;8,333333333333332;160867,0
7;50008,0;6;6,303249325027052;1,4388489208633095;95189,0;16,0;33,87605598018251;86,59420289855072;47231,0
8;13012,0;4;6,370339698364416;1,618705035971223;62791,0;4,0;11,002613120616147;23,731884057971016;36355,0
9;31052,0;18;6,528149015881536;1,7985611510791366;275729,0;21,0;9,08100254268071;15,760869565217392;231252,0
10;13005,0;6;6,567641231651653;1,9784172661870503;91357,0;7,0;8,218084481908475;13,043478260869565;85178,0
11;21004,0;10;6,685743320942422;2,158273381294964;149572,0;4,0;5,059512515969086;3,4420289855072466;79059,0
12;35004,0;47;6,764575501298222;2,338129496402878;694796,0;69,0;10,437544907915138;21,014492753623188;661075,0
13;35038,0;19;6,768502949642339;2,5179856115107913;280712,0;54,0;17,241049022049385;50,36231884057971;313206,0
14;33001,0;11;6,809880517550919;2,697841726618705;161530,0;35,0;19,957120700665996;60,32608695652174;175376,0
15;35009,0;10;6,8852030102107555;2,877697841726619;145239,0;15,0;11,299435028248588;24,637681159420293;132750,0
16;31023,0;13;7,0004631075594235;3,0575539568345325;185702,0;16,0;10,908247999018258;23,18840579710145;146678,0
17;35041,0;17;7,136799858943251;3,237410071942446;238202,0;21,0;20,12496645838924;61,050724637681164;104348,0
18;42011,0;8;7,137822428822528;3,41726618705036;112079,0;8,0;10,526315789473685;21,73913043478261;76000,0
19;43001,0;8;7,166724896306449;3,597122302158273;111627,0;12,0;12,541543864049665;29,71014492753623;95682,0
20;35027,0;46;7,259814559084632;3,776978417266187;633625,0;88,0;15,700043531938883;43,84057971014493;560508,0
21;31049,0;13;7,281893292255987;3,9568345323741005;178525,0;15,0;7,517741870815124;10,326086956521738;199528,0
22;35047,0;52;7,284065965622011;4,136690647482014;713887,0;59,0;10,040228985290213;19,92753623188406;587636,0
23;22007,0;2;7,314218841427735;4,316546762589928;27344,0;2,0;11,04911330865698;24,094202898550723;18101,0
24;42012,0;48;7,338372349012989;4,496402877697841;654096,0;35,0;5,9874400614482415;5,615942028985507;584557,0
25;35035,0;6;7,36096968507318;4,676258992805756;81511,0;12,0;14,28027418126428;36,775362318840585;84032,0
26;43008,0;11;7,471760142914394;4,856115107913669;147221,0;25,0;17,838794382920426;52,35507246376812;140144,0
27;15001,0;15;7,637980110699791;5,0359712230215825;196387,0;11,0;16,316843432470517;46,19565217391305;67415,0
28;35034,0;9;7,748667659644078;5,215827338129497;116149,0;5,0;7,980209081477934;11,41304347826087;62655,0
29;35037,0;7;7,769317853892428;5,39568345323741;90098,0;6,0;6,384676775738228;6,702898550724639;93975,0
30;35049,0;4;7,773933999300346;5,575539568345324;51454,0;13,0;26,688017080330933;75,72463768115942;48711,0
31;33015,0;37;7,801052087835629;5,755395683453238;474295,0;67,0;14,726342789696835;39,85507246376812;454967,0
32;35043,0;21;7,804979576970108;5,935251798561151;269059,0;36,0;16,374130692853146;46,55797101449276;219859,0
33;35020,0;41;7,818697748215049;6,115107913669065;524384,0;53,0;10,653437643218384;22,282608695652172;497492,0
34;35012,0;33;7,999360051195905;6,294964028776978;412533,0;35,0;10,162778677909603;20,652173913043477;344394,0
35;35025,0;27;8,044596861415432;6,474820143884892;335629,0;30,0;10,680983932239837;22,644927536231883;280873,0
36;15006,0;14;8,080854723548187;6,654676258992806;173249,0;5,0;6,555657532450504;7,246376811594203;76270,0
37;29022,0;6;8,114577839087922;6,83453237410072;73941,0;3,0;4,852092060360025;2,898550724637681;61829,0
38;31051,0;25;8,150357800707452;7,014388489208632;306735,0;18,0;6,3794496661421345;6,521739130434782;282156,0
39;31059,0;15;8,19909591302399;7,194244604316546;182947,0;8,0;5,5088451394770725;3,804347826086957;145221,0
40;31048,0;16;8,283931761112118;7,374100719424461;193145,0;31,0;21,895747987003816;66,30434782608695;141580,0
41;35008,0;4;8,315489678398437;7,553956834532374;48103,0;9,0;21,58428663932657;65,57971014492753;41697,0
42;31054,0;13;8,416636453099912;7,7338129496402885;154456,0;8,0;7,494145199063232;9,96376811594203;106750,0
43;35013,0;32;8,441089111522615;7,913669064748201;379098,0;51,0;14,270204931335131;36,594202898550726;357388,0
44;35033,0;11;8,46661843259802;8,093525179856115;129922,0;12,0;15,016706085520141;41,1231884057971;79911,0
45;35021,0;28;8,625815216554171;8,273381294964029;324607,0;28,0;9,461473218962144;17,02898550724638;295937,0
46;35039,0;16;8,65229664399044;8,453237410071942;184922,0;41,0;18,318127797982324;53,985507246376805;223822,0
47;13001,0;10;8,722426230080158;8,633093525179856;114647,0;10,0;15,096846268814444;41,48550724637681;66239,0
48;23004,0;1;8,726764988218868;8,81294964028777;11459,0;;;;
49;31044,0;13;8,813380066846097;8,992805755395683;147503,0;4,0;3,3712315951825103;1,0869565217391304;118651,0
50;35019,0;13;8,932620556021273;9,172661870503598;145534,0;12,0;8,494733265375467;14,31159420289855;141264,0
51;31066,0;17;8,968278670795591;9,352517985611511;189557,0;17,0;9,564048180299185;17,934782608695652;177749,0
52;22006,0;4;9,075233687267447;9,532374100719425;44076,0;1,0;4,7440580672707435;2,536231884057971;21079,0
53;35063,0;146;9,075346510404946;9,712230215827338;1608754,0;239,0;21,30855953245989;64,67391304347827;1121615,0
54;23006,0;10;9,094712334248868;9,892086330935252;109954,0;10,0;9,53279759010877;17,753623188405797;104901,0
55;35036,0;46;9,1040974375924;10,071942446043165;505267,0;73,0;15,464234192057313;42,7536231884058;472057,0
56;35024,0;46;9,147165969360971;10,251798561151078;502888,0;64,0;13,050544350439742;32,608695652173914;490401,0
57;35040,0;21;9,18816039902868;10,431654676258994;228555,0;31,0;12,51923317677561;29,347826086956523;247619,0
58;31005,0;15;9,248583425305357;10,611510791366907;162187,0;12,0;9,187868950362537;15,942028985507244;130607,0
59;35031,0;38;9,270802583138362;10,79136690647482;409889,0;50,0;13,402202786049916;33,69565217391305;373073,0
60;35048,0;52;9,555257872521835;10,971223021582734;544203,0;78,0;17,06585450702654;49,45652173913043;457053,0
61;42006,0;21;9,586239637731438;11,151079136690647;219064,0;22,0;9,93883101276688;19,384057971014492;221354,0
62;35046,0;145;9,779146408659063;11,33093525179856;1482747,0;240,0;18,683018459600696;55,79710144927537;1284589,0
63;35010,0;21;9,785374127470808;11,510791366906476;214606,0;17,0;9,47946580422115;17,21014492753623;179335,0
64;35061,0;1473;9,912299366783744;11,690647482014388;14860326,0;3466,0;27,0621773434608;76,63043478260869;12807543,0
65;35016,0;12;9,922439597148953;11,870503597122301;120938,0;20,0;20,676963794636396;62,31884057971014;96726,0
66;31057,0;14;9,931754657283523;12,050359712230216;140962,0;9,0;7,2507552870090635;9,239130434782608;124125,0
67;33007,0;20;9,97148156273059;12,23021582733813;200572,0;76,0;31,57509887991491;83,69565217391305;240696,0
68;29007,0;14;10,025134444213707;12,410071942446043;139649,0;9,0;8,671689823290231;15,03623188405797;103786,0
69;43031,0;17;10,08351523203948;12,589928057553957;168592,0;26,0;15,542152109847148;43,11594202898551;167287,0
70;31034,0;23;10,097418134084933;12,769784172661872;227781,0;11,0;6,0571019520387654;5,978260869565218;181605,0
71;35002,0;9;10,106681639528356;12,949640287769784;89050,0;6,0;8,30311920511472;13,586956521739129;72262,0
72;29003,0;12;10,131113493798916;13,129496402877697;118447,0;2,0;3,960239198447586;1,6304347826086956;50502,0
73;25007,0;10;10,131712259371835;13,309352517985612;98700,0;7,0;12,310506137666632;28,26086956521739;56862,0
74;13010,0;27;10,229636393257532;13,489208633093524;263939,0;16,0;8,263523773124955;13,405797101449277;193622,0
75;35045,0;20;10,29410250867278;13,66906474820144;194286,0;41,0;21,684746103356904;65,76086956521739;189073,0
76;22010,0;5;10,315872000660216;13,848920863309353;48469,0;6,0;11,563590109275925;25,36231884057971;51887,0
77;35005,0;18;10,323646311877354;14,028776978417264;174357,0;22,0;12,326449198220509;28,442028985507246;178478,0
78;35042,0;21;10,38293243677536;14,20863309352518;202255,0;25,0;14,509323691404095;38,224637681159415;172303,0
79;33005,0;16;10,510273792632299;14,388489208633093;152232,0;33,0;26,65718855518038;75,54347826086956;123794,0
80;43034,0;2;10,56970721911003;14,568345323741008;18922,0;1,0;3,1687686165156217;0,7246376811594203;31558,0
81;35018,0;21;10,571356657437704;14,748201438848922;198650,0;48,0;21,935436697985597;66,48550724637681;218824,0
82;42004,0;28;10,724641011793276;14,928057553956833;261081,0;35,0;13,008879489457232;32,2463768115942;269047,0
83;35050,0;166;10,754680553593941;15,107913669064748;1543514,0;207,0;15,18614026271289;41,84782608695652;1363085,0
84;31022,0;40;10,842899933587239;15,287769784172662;368905,0;55,0;17,73627131980432;51,992753623188406;310099,0
85;15003,0;8;10,931052387068565;15,467625899280577;73186,0;2,0;5,834305717619603;4,891304347826087;34280,0
86;35014,0;126;11,02731711500879;15,647482014388489;1142617,0;115,0;13,744324490354474;34,60144927536232;836709,0
87;41018,0;9;11,045519814435266;15,827338129496402;81481,0;8,0;16,09107548725788;45,108695652173914;49717,0
88;21018,0;23;11,046327336298232;16,007194244604317;208214,0;12,0;10,125984119081572;20,28985507246377;118507,0
89;42007,0;14;11,211570340591491;16,18705035971223;124871,0;10,0;6,169069519244412;6,340579710144928;162099,0
90;35022,0;14;11,245973539830828;16,366906474820144;124489,0;21,0;14,336428181321681;37,31884057971014;146480,0
91;22004,0;16;11,261657575224353;16,546762589928058;142075,0;15,0;14,678396336272273;39,311594202898554;102191,0
92;31056,0;11;11,34020618556701;16,72661870503597;97000,0;16,0;12,782002939860677;30,978260869565215;125176,0
93;15004,0;17;11,372378499515001;16,906474820143885;149485,0;6,0;7,25224517423519;9,420289855072465;82733,0
94;35032,0;339;11,44731550321082;17,086330935251798;2961393,0;499,0;20,17893335533201;61,41304347826087;2472876,0
95;31046,0;9;11,452567283832792;17,26618705035971;78585,0;1,0;5,686664771111743;4,3478260869565215;17585,0
96;43022,0;16;11,507976466188127;17,446043165467625;139034,0;10,0;7,514841812579845;10,144927536231885;133070,0
97;29027,0;21;11,535672694513414;17,62589928057554;182044,0;10,0;6,900025530094461;8,51449275362319;144927,0
98;35058,0;60;11,652114470372556;17,805755395683455;514928,0;132,0;29,24501339288682;80,07246376811594;451359,0
99;35026,0;25;11,743374388170194;17,985611510791365;212886,0;32,0;46,234088971724965;94,92753623188406;69213,0
100;43030,0;22;11,828211359384072;18,165467625899282;185996,0;24,0;15,22253442512733;42,028985507246375;157661,0
101;31026,0;20;11,98853895675734;18,345323741007196;166826,0;9,0;7,192922164590043;9,057971014492754;125123,0
102;42018,0;37;12,044270833333334;18,525179856115106;307200,0;14,0;4,832718887646189;2,717391304347826;289692,0
103;35029,0;15;12,058362474375981;18,705035971223023;124395,0;25,0;13,727966613585195;34,42028985507246;182110,0
104;33016,0;14;12,140131807145334;18,884892086330936;115320,0;48,0;45,15776995879354;94,02173913043478;106294,0
105;35053,0;7;12,14666227073175;19,06474820143885;57629,0;7,0;16,993178452649722;49,094202898550726;41193,0
106;42016,0;121;12,174532487890868;19,244604316546763;993878,0;167,0;21,44858888834661;65,21739130434783;778606,0
107;35060,0;137;12,226979141844561;19,424460431654676;1120473,0;325,0;34,13044551258153;86,95652173913044;952229,0
108;31050,0;51;12,267341450625153;19,60431654676259;415738,0;39,0;9,637410946616157;18,115942028985508;404673,0
109;35007,0;6;12,277219618996952;19,784172661870503;48871,0;4,0;11,220511094280345;24,456521739130434;35649,0
110;31047,0;21;12,291555701233252;19,964028776978417;170849,0;13,0;9,641556592228905;18,297101449275363;134833,0
111;21021,0;6;12,330456226880395;20,14388489208633;48660,0;2,0;10,01903616872057;19,565217391304348;19962,0
112;35011,0;12;12,374195677280976;20,323741007194247;96976,0;15,0;17,239199641424648;50,18115942028986;87011,0
113;31053,0;10;12,391573729863692;20,503597122302157;80700,0;5,0;8,567365192508696;14,673913043478262;58361,0
114;31042,0;8;12,531132031139862;20,68345323741007;63841,0;5,0;8,09009125622937;12,13768115942029;61804,0
115;43014,0;10;12,537770032222069;20,863309352517987;79759,0;14,0;24,370713365595517;70,1086956521739;57446,0
116;52009,0;10;12,658548317678928;21,043165467625897;78998,0;13,0;18,408122229931607;55,072463768115945;70621,0
117;31033,0;24;12,68197310364871;21,223021582733814;189245,0;10,0;6,164088023176971;6,159420289855073;162230,0
118;41016,0;11;12,778513510373829;21,402877697841728;86082,0;19,0;16,227111232577208;45,289855072463766;117088,0
119;35028,0;77;12,804714795764799;21,58273381294964;601341,0;88,0;17,659193617004195;51,63043478260869;498324,0
120;41031,0;18;12,936889540524806;21,762589928057555;139137,0;25,0;24,392147679818912;70,28985507246377;102492,0
121;13011,0;7;13,017685455526006;21,942446043165468;53773,0;;;;
122;43017,0;14;13,19310942741905;22,12230215827338;106116,0;5,0;5,291341249179842;3,6231884057971016;94494,0
123;35044,0;13;13,197299629460433;22,302158273381295;98505,0;16,0;16,276041666666668;45,83333333333333;98304,0
124;11008,0;6;13,315579227696405;22,48201438848921;45060,0;12,0;30,875315185509184;82,42753623188406;38866,0
125;13013,0;26;13,328343748237838;22,66187050359712;195073,0;12,0;14,374872722481102;37,68115942028986;83479,0
126;25013,0;11;13,350648720158265;22,841726618705035;82393,0;10,0;13,002379435436684;32,065217391304344;76909,0
127;14001,0;48;13,35139480352588;23,021582733812952;359513,0;61,0;23,081492805006793;68,65942028985508;264281,0
128;12005,0;9;13,379915260536684;23,201438848920862;67265,0;18,0;35,81448098847968;89,13043478260869;50259,0
129;35056,0;31;13,443541462483845;23,381294964028775;230594,0;43,0;19,41686196417363;58,87681159420289;221457,0
130;41032,0;12;13,461365879924616;23,561151079136692;89144,0;13,0;13,670683744505437;34,23913043478261;95094,0
131;43029,0;49;13,614741708900151;23,741007194244602;359904,0;85,0;22,014907977684654;66,66666666666666;386102,0
132;35055,0;28;13,616955054321924;23,92086330935252;205626,0;44,0;16,572754391779913;47,64492753623188;265496,0
133;23028,0;7;13,630610456625451;24,100719424460433;51355,0;4,0;9,262475396549728;16,666666666666664;43185,0
134;31003,0;33;13,837754425984786;24,280575539568343;238478,0;25,0;15,659156535192388;43,47826086956522;159651,0
135;23003,0;7;13,87429885239728;24,46043165467626;50453,0;5,0;10,654619843163996;22,463768115942027;46928,0
136;12001,0;19;13,932274480472818;24,640287769784173;136374,0;18,0;17,055629779129596;49,275362318840585;105537,0
137;31028,0;6;13,975263783103907;24,820143884892087;42933,0;3,0;7,381344881037324;9,782608695652174;40643,0
138;42009,0;15;13,989144423927034;25,0;107226,0;28,0;30,36283588887202;81,88405797101449;92218,0
139;43032,0;17;14,042623492483067;25,179856115107913;121060,0;12,0;10,643015521064303;22,10144927536232;112750,0
140;41015,0;22;14,109528421079636;25,359712230215827;155923,0;31,0;19,689165242907137;59,42028985507246;157447,0
141;41028,0;9;14,154281670205236;25,539568345323744;63585,0;24,0;27,662517289073303;77,71739130434783;86760,0
142;29026,0;47;14,186837633152527;25,719424460431657;331293,0;14,0;8,619946556331351;14,855072463768115;162414,0
143;31011,0;22;14,330567099623497;25,899280575539567;153518,0;25,0;14,385591391662112;37,86231884057971;173785,0
144;42020,0;21;14,64006357970469;26,07913669064748;143442,0;9,0;2,859394062627084;0,36231884057971014;314752,0
145;23001,0;53;14,692307052584598;26,258992805755394;360733,0;17,0;6,757777406762547;8,152173913043478;251562,0
146;41009,0;90;14,74095233103593;26,43884892086331;610544,0;72,0;14,196479273140262;36,231884057971016;507168,0
147;35059,0;221;14,816731777598845;26,618705035971225;1491557,0;452,0;32,96322631223906;85,14492753623189;1371225,0
148;35057,0;287;14,81685693679294;26,798561151079138;1936983,0;567,0;31,04646292083152;82,78985507246377;1826295,0
149;29025,0;12;14,955693757244164;26,978417266187048;80237,0;3,0;5,859947260474655;5,253623188405797;51195,0
150;21013,0;18;15,076008208048913;27,15827338129496;119395,0;5,0;9,031791907514451;15,579710144927535;55360,0
151;42017,0;2;15,142337976983645;27,33812949640288;13208,0;1,0;12,093360744951022;28,07971014492754;8269,0
152;41020,0;11;15,146090931622284;27,51798561151079;72626,0;16,0;15,561931624762925;43,29710144927536;102815,0
153;50005,0;10;15,186720731392471;27,697841726618705;65847,0;7,0;13,201320132013201;32,971014492753625;53025,0
154;35062,0;223;15,197392318297457;27,87769784172662;1467357,0;362,0;27,867676266901515;78,26086956521739;1298996,0
155;14002,0;6;15,248163866934357;28,05755395683453;39349,0;7,0;28,699110327579845;79,16666666666666;24391,0
156;51011,0;9;15,260962458032353;28,23741007194245;58974,0;9,0;14,630102248159046;38,94927536231884;61517,0
157;43002,0;15;15,261117724262125;28,41726618705036;98289,0;18,0;20,86762966913214;63,04347826086957;86258,0
158;32013,0;13;15,28692380056444;28,597122302158272;85040,0;15,0;20,973740876422717;63,58695652173913;71518,0
159;42010,0;39;15,29171894604768;28,776978417266186;255040,0;29,0;12,727224850564827;30,434782608695656;227858,0
160;29002,0;2;15,317454239105462;28,9568345323741;13057,0;1,0;4,078636104086793;1,8115942028985508;24518,0
161;41039,0;8;15,36363810950433;29,136690647482016;52071,0;13,0;18,403952602743605;54,891304347826086;70637,0
162;23027,0;14;15,364523315664131;29,31654676258993;91119,0;8,0;12,367627734405193;28,804347826086957;64685,0
163;31020,0;39;15,382066876493838;29,496402877697843;253542,0;25,0;12,067733776138711;27,898550724637683;207164,0
164;22013,0;22;15,40227953737153;29,676258992805753;142836,0;12,0;11,9347170974768;27,355072463768117;100547,0
165;31061,0;35;15,431894639841625;29,856115107913666;226803,0;29,0;14,818599897802759;40,57971014492754;195700,0
166;14004,0;7;15,450833241364087;30,035971223021583;45305,0;11,0;36,60931207774487;90,57971014492753;30047,0
167;42005,0;14;15,48432764837304;30,215827338129497;90414,0;9,0;9,518269790069272;17,57246376811594;94555,0
168;42015,0;13;15,487252799618775;30,39568345323741;83940,0;2,0;6,980559142787338;8,695652173913043;28651,0
169;32007,0;21;15,66930308909118;30,575539568345324;134020,0;31,0;23,028124025018943;68,29710144927536;134618,0
170;33012,0;27;15,725376681013644;30,755395683453234;171697,0;32,0;17,930385279153686;53,07971014492754;178468,0
171;42001,0;18;15,752165922814386;30,935251798561154;114270,0;9,0;9,820717348842793;18,478260869565215;91643,0
172;41008,0;2;15,782828282828284;31,115107913669064;12672,0;2,0;24,61235540241201;71,01449275362319;8126,0
173;41025,0;12;15,947055774827573;31,294964028776977;75249,0;7,0;6,4592926151830286;7,065217391304348;108371,0
174;35051,0;66;16,118869334583767;31,47482014388489;409458,0;56,0;15,71590140516997;44,02173913043478;356327,0
175;41003,0;24;16,181120677449588;31,654676258992804;148321,0;22,0;19,568427232134916;59,05797101449275;112426,0
176;13002,0;3;16,18908855431439;31,83453237410072;18531,0;;;;
177;31035,0;15;16,248537631613154;32,014388489208635;92316,0;16,0;20,665960579680196;62,13768115942029;77422,0
178;32011,0;28;16,261673558518794;32,194244604316545;172184,0;22,0;29,631625025254223;80,43478260869566;74245,0
179;31019,0;29;16,27111036301408;32,37410071942446;178230,0;10,0;5,754269668093725;4,528985507246377;173784,0
180;22011,0;14;16,32634021760679;32,55395683453237;85751,0;12,0;18,90686791977186;56,70289855072463;63469,0
181;43012,0;6;16,380463567118948;32,73381294964029;36629,0;2,0;14,887598630340927;40,94202898550724;13434,0
182;22012,0;12;16,393666580144536;32,913669064748206;73199,0;13,0;17,114946614531906;49,63768115942029;75957,0
183;22001,0;51;16,423851296518144;33,093525179856115;310524,0;30,0;11,928524282499264;26,992753623188403;251498,0
184;32008,0;19;16,45491785531797;33,273381294964025;115467,0;15,0;17,914297998375773;52,71739130434783;83732,0
185;41012,0;6;16,497113005224083;33,45323741007194;36370,0;5,0;18,39249586168843;54,528985507246375;27185,0
186;43024,0;38;16,540581009671886;33,63309352517986;229738,0;31,0;11,07973837520998;24,27536231884058;279790,0
187;31029,0;20;16,605089459919466;33,81294964028777;120445,0;7,0;8,09922710232795;12,862318840579709;86428,0
188;52016,0;14;16,680567139282736;33,992805755395686;83930,0;6,0;11,719207781553967;25,905797101449274;51198,0
189;31021,0;28;16,76325494516021;34,172661870503596;167032,0;21,0;17,68599774292981;51,81159420289855;118738,0
190;41017,0;12;16,778523489932887;34,352517985611506;71520,0;9,0;15,915963711602737;44,38405797101449;56547,0
191;29016,0;73;16,854568165184002;34,53237410071942;433117,0;10,0;8,066012244206586;11,77536231884058;123977,0
192;41034,0;9;16,985939416816077;34,71223021582734;52985,0;3,0;5,859603890776984;5,072463768115942;51198,0
193;50002,0;17;17,006632586708818;34,89208633093525;99961,0;17,0;16,259229503806573;45,65217391304348;104556,0
194;41036,0;9;17,01258931609391;35,07194244604317;52902,0;7,0;14,175492598367793;36,05072463768116;49381,0
195;33006,0;11;17,01601051898832;35,25179856115108;64645,0;7,0;35,37497473216091;87,5;19788,0
196;13003,0;35;17,11181839960496;35,431654676258994;204537,0;10,0;6,565600194341766;7,427536231884058;152309,0
197;41011,0;137;17,210817438452484;35,61151079136691;796011,0;208,0;29,85790222398307;80,97826086956522;696633,0
198;15002,0;86;17,309674095066338;35,79136690647482;496832,0;39,0;10,484350091267611;21,3768115942029;371983,0
199;22002,0;46;17,376785370257743;35,97122302158273;264721,0;19,0;8,465551887149738;14,130434782608695;224439,0
200;31007,0;107;17,397808201359307;36,15107913669065;615020,0;90,0;19,63762044407206;59,2391304347826;458304,0
201;35052,0;3;17,54899093302135;36,330935251798564;17095,0;3,0;70,17543859649122;98,91304347826086;4275,0
202;41030,0;17;17,58032658041965;36,510791366906474;96699,0;37,0;14,70734373447282;39,492753623188406;251575,0
203;29008,0;53;17,661309402814478;36,69064748201439;300091,0;8,0;4,574983987556044;2,1739130434782608;174864,0
204;41006,0;29;17,683681620556975;36,8705035971223;163993,0;13,0;12,85741130858776;31,521739130434785;101109,0
205;21014,0;34;17,6984701234208;37,05035971223021;192107,0;10,0;6,730516836387866;7,789855072463768;148577,0
206;11002,0;15;17,742030871133714;37,23021582733813;84545,0;17,0;24,432308134521413;70,47101449275362;69580,0
207;43028,0;23;17,788364862565547;37,410071942446045;129298,0;20,0;16,44845055595763;46,92028985507246;121592,0
208;42003,0;24;17,826106332724272;37,589928057553955;134634,0;25,0;13,210249039614894;33,15217391304348;189247,0
209;25002,0;25;17,92847256585128;37,76978417266187;139443,0;4,0;4,865824878962606;3,0797101449275366;82206,0
210;41010,0;55;17,9664582557509;37,94964028776979;306126,0;47,0;17,820783583645827;52,17391304347826;263737,0
211;31017,0;26;17,967340902651564;38,1294964028777;144707,0;24,0;19,2839236356624;58,514492753623195;124456,0
212;24016,0;16;18,024310288501617;38,30935251798561;88769,0;5,0;10,715816545220745;22,82608695652174;46660,0
213;24010,0;10;18,051519035326823;38,489208633093526;55397,0;;;;
214;22005,0;16;18,27255804392266;38,669064748201436;87563,0;9,0;10,194834617127322;20,833333333333336;88280,0
215;29023,0;29;18,30750291973107;38,84892086330935;158405,0;8,0;7,0609002647837595;8,876811594202898;113300,0
216;22015,0;30;18,319715678012678;39,02877697841727;163758,0;24,0;18,345257750871397;54,166666666666664;130824,0
217;42013,0;125;18,38832914814962;39,20863309352518;679779,0;86,0;19,04475073521596;57,2463768115942;451568,0
218;13004,0;26;18,39913382539222;39,38848920863309;141311,0;19,0;23,449842022116904;69,20289855072464;81024,0
219;31045,0;18;18,41112031667127;39,568345323741006;97767,0;11,0;14,089558356388975;35,14492753623188;78072,0
220;29013,0;19;18,46686170264465;39,74820143884892;102887,0;6,0;8,096510404015868;12,5;74106,0
221;31031,0;64;18,500104063085356;39,92805755395683;345944,0;44,0;14,739331571313242;40,03623188405797;298521,0
222;31043,0;94;18,572853995633405;40,10791366906475;506115,0;45,0;10,737319821808212;23,007246376811594;419099,0
223;42008,0;175;18,628019735056334;40,28776978417266;939445,0;72,0;9,85759877108602;18,84057971014493;730401,0
224;41021,0;88;18,638618370052825;40,46762589928058;472138,0;77,0;18,426651159562834;55,2536231884058;417873,0
225;23025,0;7;18,69108969052896;40,647482014388494;37451,0;;;;
226;23002,0;59;18,70023834880065;40,827338129496404;315504,0;20,0;8,065426741728905;11,594202898550725;247972,0
227;32012,0;63;18,706074129499477;41,007194244604314;336789,0;59,0;19,07637988508906;57,608695652173914;309283,0
228;31014,0;31;18,745615944658102;41,18705035971223;165372,0;6,0;10,019872747616105;19,746376811594203;59881,0
229;29014,0;59;18,761248799598064;41,36690647482014;314478,0;9,0;3,4806149086338585;1,2681159420289856;258575,0
230;43020,0;60;18,810074675996464;41,54676258992806;318978,0;37,0;14,863974546447912;40,76086956521739;248924,0
231;23007,0;12;18,875344081793155;41,726618705035975;63575,0;4,0;7,530971118725761;10,507246376811594;53114,0
232;43015,0;24;18,997411602669136;41,906474820143885;126333,0;27,0;20,926339285714285;63,40579710144928;129024,0
233;31058,0;26;19,019473014293865;42,086330935251794;136702,0;40,0;40,965558206937516;92,3913043478261;97643,0
234;31032,0;4;19,053970371076073;42,26618705035971;20993,0;6,0;36,454219575915914;90,21739130434783;16459,0
235;21006,0;45;19,089150575219737;42,44604316546763;235736,0;12,0;8,231694768757974;13,22463768115942;145778,0
236;11005,0;12;19,146390107698444;42,62589928057554;62675,0;7,0;8,427135375910431;13,949275362318842;83065,0
237;35017,0;51;19,291144986193594;42,805755395683455;264370,0;64,0;27,04598662914036;76,44927536231883;236634,0
238;35006,0;1;19,308746862328633;42,985611510791365;5179,0;1,0;58,241118229470004;97,64492753623189;1717,0
239;31065,0;134;19,33705643822965;43,16546762589928;692970,0;38,0;6,451371935173898;6,884057971014493;589022,0
240;11004,0;58;19,359791715344304;43,3453237410072;299590,0;76,0;25,83390836440767;73,55072463768117;294187,0
241;23022,0;23;19,603832123009784;43,52517985611511;117324,0;10,0;14,807575555654273;40,39855072463768;67533,0
242;43007,0;34;19,671599995371388;43,70503597122302;172838,0;27,0;14,284278300065072;36,95652173913043;189019,0
243;41033,0;21;19,69999718571469;43,884892086330936;106599,0;23,0;22,378112260286635;67,3913043478261;102779,0
244;33011,0;139;19,70557880530321;44,064748201438846;705384,0;216,0;32,83882522143402;84,78260869565217;657758,0
245;43018,0;67;19,72113723262406;44,24460431654676;339737,0;39,0;64,2271334936267;98,73188405797102;60722,0
246;43025,0;28;19,72497745716862;44,42446043165468;141952,0;9,0;7,9543245010870915;11,05072463768116;113146,0
247;43016,0;159;19,733339290567837;44,60431654676259;805743,0;125,0;18,400293227072865;54,710144927536234;679337,0
248;25008,0;6;19,810479743784462;44,7841726618705;30287,0;1,0;12,981955082435414;31,88405797101449;7703,0
249;50003,0;22;19,84180668668885;44,96402877697842;110877,0;19,0;17,651922665997752;51,449275362318836;107637,0
250;43013,0;9;19,918996082597438;45,143884892086334;45183,0;19,0;39,871571569470966;92,21014492753623;47653,0
251;43006,0;5;19,937794082462716;45,32374100719424;25078,0;8,0;25,476084325839118;72,82608695652173;31402,0
252;12002,0;16;19,939682460556813;45,50359712230216;80242,0;4,0;5,832944470368642;4,710144927536232;68576,0
253;31060,0;31;20,118373916203726;45,68345323741007;154088,0;23,0;20,021065642980876;60,68840579710145;114879,0
254;50004,0;197;20,2254989127511;45,86330935251798;974018,0;206,0;222,61125159393978;100,0;92538,0
255;12003,0;10;20,255626000121534;46,043165467625904;49369,0;2,0;4,923076923076923;3,260869565217391;40625,0
256;42002,0;71;20,297138675197182;46,223021582733814;349803,0;40,0;14,651209640495942;39,130434782608695;273015,0
257;26003,0;58;20,367385494909907;46,402877697841724;284769,0;70,0;26,64920509228239;75,36231884057972;262672,0
258;43021,0;57;20,411744273073328;46,58273381294964;279251,0;31,0;12,753842609353915;30,79710144927536;243064,0
259;31018,0;184;20,419419311665813;46,76258992805755;901103,0;115,0;15,462642256308758;42,572463768115945;743728,0
260;43003,0;24;20,589900653729345;46,94244604316547;116562,0;38,0;26,788672621271616;76,08695652173914;141851,0
261;32001,0;20;20,658596041813;47,122302158273385;96812,0;25,0;28,950598698381082;79,8913043478261;86354,0
262;31024,0;21;20,663393322772045;47,302158273381295;101629,0;10,0;12,817390635614402;31,15942028985507;78019,0
263;50007,0;35;20,80682939588857;47,482014388489205;168214,0;42,0;30,261982303945587;81,34057971014492;138788,0
264;41026,0;38;20,836531923760226;47,66187050359712;182372,0;29,0;16,440841317535007;46,73913043478261;176390,0
265;23030,0;12;20,863759649488838;47,84172661870504;57516,0;11,0;19,387359441644048;58,69565217391305;56738,0
266;41027,0;29;20,956937107509088;48,02158273381295;138379,0;25,0;16,778861319355425;48,55072463768116;148997,0
267;31009,0;13;21,27241785574028;48,201438848920866;61112,0;20,0;35,47231385903302;88,04347826086956;56382,0
268;21020,0;28;21,3240725932357;48,381294964028775;131307,0;9,0;8,947923087629993;15,39855072463768;100582,0
269;22009,0;21;21,48205736732272;48,561151079136685;97756,0;2,0;25,217500945656283;72,28260869565217;7931,0
270;17008,0;20;21,58288908553299;48,74100719424461;92666,0;11,0;20,792378648117346;62,68115942028986;52904,0
271;26004,0;50;21,592675764380722;48,92086330935252;231560,0;73,0;38,57066621579495;91,48550724637681;189263,0
272;43004,0;33;21,618788692718397;49,10071942446043;152645,0;24,0;16,358245578161743;46,3768115942029;146715,0
273;43035,0;58;21,653264042888395;49,280575539568346;267858,0;27,0;11,422527763088313;25,0;236375,0
274;31055,0;7;21,65841584158416;49,460431654676256;32320,0;4,0;19,039459279356468;57,065217391304344;21009,0
275;42014,0;9;21,772788852332106;49,64028776978417;41336,0;1,0;30,693677102516883;82,06521739130434;3258,0
276;31063,0;46;21,843081204028625;49,82014388489209;210593,0;31,0;18,894950172187855;56,52173913043478;164065,0
277;41002,0;58;21,87556574739002;50,0;265136,0;57,0;26,58048992039843;75,0;214443,0
278;24006,0;18;21,909271273293815;50,17985611510791;82157,0;8,0;11,908128786412824;26,811594202898554;67181,0
279;41023,0;101;21,975105034474804;50,35971223021583;459611,0;130,0;45,629885468987474;94,56521739130434;284901,0
280;31062,0;40;22,00341052863194;50,53956834532374;181790,0;15,0;19,116803670426307;57,789855072463766;78465,0
281;13009,0;39;22,06269198784855;50,719424460431654;176769,0;8,0;6,695232994108196;7,608695652173914;119488,0
282;26007,0;43;22,068257634077497;50,89928057553957;194850,0;53,0;31,752117806348025;83,87681159420289;166918,0
283;31064,0;61;22,225217971092643;51,07913669064749;274463,0;24,0;11,940298507462687;27,536231884057973;201000,0
284;21007,0;46;22,403070194663197;51,2589928057554;205329,0;16,0;14,103750716206092;35,32608695652174;113445,0
285;51010,0;25;22,453543618253832;51,438848920863315;111341,0;22,0;24,53796134155727;70,83333333333334;89657,0
286;41013,0;28;22,59285258970573;51,618705035971225;123933,0;18,0;21,5357373597186;65,39855072463769;83582,0
287;21016,0;21;22,62029147861305;51,798561151079134;92837,0;13,0;17,86008682749904;52,53623188405797;72788,0
288;13006,0;33;22,665613516947698;51,97841726618705;145595,0;8,0;9,488903912986752;17,391304347826086;84309,0
289;51012,0;15;22,82966029465482;52,15827338129496;65704,0;16,0;25,67105748712436;73,36956521739131;62327,0
290;31040,0;52;22,8906487297891;52,33812949640287;227167,0;39,0;18,134474100251094;53,80434782608695;215060,0
291;21010,0;92;22,99540091981604;52,51798561151079;400080,0;49,0;15,697531002623732;43,65942028985507;312151,0
292;23008,0;53;23,495719789159164;52,69784172661871;225573,0;24,0;12,528319221573767;29,528985507246375;191566,0
293;53001,0;718;23,62274152772678;52,87769784172662;3039444,0;639,0;27,388359218690262;77,17391304347827;2333108,0
294;33008,0;7;23,634276453508;53,05755395683454;29618,0;7,0;24,43280977312391;70,65217391304348;28650,0
295;15010,0;93;23,679848448969928;53,23741007194245;392739,0;26,0;9,202139143422418;16,1231884057971;282543,0
296;41022,0;90;23,725730554786665;53,41726618705036;379335,0;77,0;37,05646539070508;91,12318840579711;207791,0
297;43010,0;71;23,762667844759495;53,597122302158276;298788,0;50,0;18,997249198316084;56,88405797101449;263196,0
298;43023,0;37;23,765327030169118;53,776978417266186;155689,0;13,0;9,871443432832422;19,021739130434785;131693,0
299;21001,0;37;23,840820639707207;53,956834532374096;155196,0;18,0;13,86642015253062;34,96376811594203;129810,0
300;25019,0;13;23,84489810891616;54,13669064748201;54519,0;3,0;8,380824673147838;13,768115942028986;35796,0
301;29011,0;58;23,84662508582729;54,31654676258992;243221,0;11,0;6,004694579398438;5,797101449275362;183190,0
302;29015,0;82;23,929239487914277;54,49640287769785;342677,0;17,0;10,47288139769843;21,195652173913043;162324,0
303;33002,0;28;23,93714788882905;54,67625899280576;116973,0;17,0;14,536002257355644;38,405797101449274;116951,0
304;23020,0;36;23,943174864987096;54,85611510791367;150356,0;13,0;11,850177296883404;26,6304347826087;109703,0
305;52006,0;52;24,024467996636574;55,03597122302158;216446,0;30,0;12,891194025361274;31,70289855072464;232717,0
306;21015,0;66;24,04792094792532;55,2158273381295;274452,0;27,0;10,506327143679862;21,557971014492754;256988,0
307;31010,0;18;24,122542515981184;55,39568345323741;74619,0;10,0;15,30830935031535;42,210144927536234;65324,0
308;16002,0;6;24,126422453657163;55,57553956834532;24869,0;1,0;11,571395510298542;25,543478260869566;8642,0
309;33014,0;41;24,149467533691453;55,75539568345324;169776,0;29,0;18,102824040550324;53,62318840579711;160196,0
310;29006,0;41;24,45629481168653;55,93525179856115;167646,0;2,0;8,097165991902834;12,681159420289855;24700,0
311;23033,0;24;24,58462231873963;56,11510791366906;97622,0;16,0;18,04931976626131;53,2608695652174;88646,0
312;51015,0;8;24,630541871921185;56,29496402877698;32480,0;6,0;30,96614368290669;82,6086956521739;19376,0
313;21012,0;45;24,65780446909007;56,4748201438849;182498,0;21,0;13,048340996644713;32,427536231884055;160940,0
314;21011,0;75;24,70079108400245;56,65467625899281;303634,0;46,0;19,246942455826176;58,333333333333336;238999,0
315;21003,0;39;24,86404467877567;56,83453237410072;156853,0;11,0;9,229659089955613;16,485507246376812;119181,0
316;21005,0;141;24,916635299980385;57,014388489208635;565887,0;57,0;13,842410230755409;34,78260869565217;411778,0
317;41005,0;50;25,06341042838381;57,194244604316545;199494,0;71,0;41,08249480682548;92,57246376811594;172823,0
318;43011,0;32;25,133127032248943;57,37410071942446;127322,0;20,0;14,342469486396167;37,5;139446,0
319;17004,0;28;25,357725049809815;57,55395683453237;110420,0;19,0;21,27468983741658;64,31159420289855;89308,0
320;43033,0;124;25,493787945139015;57,73381294964028;486393,0;46,0;9,431428389829641;16,847826086956523;487731,0
321;24005,0;13;25,522223967331552;57,9136690647482;50936,0;2,0;20,63983488132095;61,95652173913043;9690,0
322;15018,0;54;25,52853522937862;58,09352517985612;211528,0;39,0;42,49523290656497;93,11594202898551;91775,0
323;11006,0;61;25,53423051968438;58,27338129496403;238895,0;47,0;19,93493576285061;60,14492753623188;235767,0
324;23031,0;24;25,672842411535665;58,45323741007194;93484,0;3,0;4,3432310743705935;1,9927536231884055;69073,0
325;43009,0;31;25,708859604747015;58,63309352517986;120581,0;25,0;12,854593974794712;31,34057971014493;194483,0
326;42019,0;92;25,749895740911263;58,81294964028777;357283,0;23,0;7,82539169487777;10,869565217391305;293915,0
327;43005,0;8;25,829781738344312;58,992805755395686;30972,0;6,0;16,577333259656296;47,82608695652174;36194,0
328;33018,0;3103;25,847664709724395;59,172661870503596;12004953,0;5152,0;46,19094594700002;94,7463768115942;11153701,0
329;50006,0;19;25,917690870152367;59,352517985611506;73309,0;10,0;13,387597729463426;33,51449275362319;74696,0
330;31016,0;25;25,935493241210462;59,53237410071942;96393,0;34,0;33,23005952090073;85,5072463768116;102317,0
331;15022,0;41;25,960868739314886;59,71223021582733;157930,0;28,0;24,670690338781448;71,37681159420289;113495,0
332;31025,0;36;25,969341749323714;59,89208633093526;138625,0;20,0;16,529335438068713;47,46376811594203;120997,0
333;51014,0;23;26,263502866147487;60,07194244604317;87574,0;23,0;5,922248600546907;5,434782608695652;388366,0
334;26002,0;45;26,28888564334745;60,251798561151084;171175,0;37,0;11,78475307757234;26,44927536231884;313965,0
335;25016,0;39;26,356872047523467;60,431654676258994;147969,0;24,0;1,5978354655559934;0,18115942028985507;1502032,0
336;52004,0;59;26,484834065781147;60,61151079136691;222769,0;29,0;20,153164046755343;61,23188405797102;143898,0
337;23011,0;19;26,54854891220814;60,79136690647482;71567,0;13,0;16,59708657295696;48,007246376811594;78327,0
338;24015,0;64;26,86693729508713;60,97122302158273;238211,0;20,0;10,139519792342634;20,47101449275362;197248,0
339;52008,0;11;26,943614363395874;61,15107913669065;40826,0;8,0;20,32623608923218;61,59420289855072;39358,0
340;51013,0;41;26,98486872848615;61,33093525179856;151937,0;23,0;19,046357177164243;57,427536231884055;120758,0
341;41038,0;77;27,135225046165125;61,51079136690647;283764,0;37,0;14,596409283316303;38,58695652173913;253487,0
342;51006,0;64;27,23670827357571;61,69064748201439;234977,0;46,0;34,74923891612592;87,13768115942028;132377,0
343;21008,0;167;27,239156532178086;61,87050359712231;613088,0;99,0;18,748721678067405;55,97826086956522;528036,0
344;29029,0;57;27,321880512309225;62,05035971223022;208624,0;29,0;12,630166935965054;29,891304347826086;229609,0
345;51018,0;36;27,40059672410644;62,23021582733813;131384,0;25,0;20,763774688128102;62,5;120402,0
346;15013,0;129;27,419214280096842;62,410071942446045;470473,0;38,0;13,325478314537396;33,33333333333333;285168,0
347;50001,0;41;27,448985057040332;62,589928057553955;149368,0;49,0;37,31826386297343;91,30434782608695;131303,0
348;52011,0;27;27,763496143958868;62,76978417266187;97250,0;18,0;26,52168147460549;74,81884057971014;67869,0
349;25009,0;19;27,79606466242411;62,94964028776978;68355,0;5,0;21,81976871045167;66,12318840579711;22915,0
350;24019,0;36;27,966378198654503;63,12949640287769;128726,0;8,0;11,505824823817058;25,181159420289855;69530,0
351;50009,0;29;28,02609325924136;63,30935251798561;103475,0;21,0;19,13840713771451;58,152173913043484;109727,0
352;31036,0;19;28,08199943836001;63,48920863309353;67659,0;17,0;27,67557711718165;77,89855072463769;61426,0
353;25003,0;45;28,167250876314473;63,66906474820144;159760,0;14,0;11,746641719037111;26,268115942028984;119183,0
354;51001,0;46;28,4134778714599;63,84892086330935;161895,0;66,0;60,29985473216814;97,82608695652173;109453,0
355;31041,0;32;28,555111364934323;64,02877697841727;112064,0;33,0;27,6009735616129;77,53623188405797;119561,0
356;31039,0;161;28,637750246800486;64,20863309352518;562195,0;74,0;15,175844976692773;41,66666666666667;487617,0
357;32003,0;60;28,64563440531663;64,38848920863309;209456,0;46,0;23,701688487677696;69,56521739130434;194079,0
358;25010,0;28;28,68823065337445;64,568345323741;97601,0;5,0;25,49199551340879;73,18840579710145;19614,0
359;29010,0;92;28,854416921233717;64,74820143884892;318842,0;47,0;16,241002657304477;45,471014492753625;289391,0
360;31001,0;44;28,891865626559504;64,92805755395683;152292,0;18,0;21,23267472721911;64,13043478260869;84775,0
361;32010,0;62;28,939372015627264;65,10791366906474;214241,0;57,0;33,19608402685971;85,32608695652173;171707,0
362;22008,0;2;29,036004645760745;65,28776978417267;6888,0;3,0;26,064291920069508;74,09420289855072;11510,0
363;17001,0;53;29,304758429264947;65,46762589928058;180858,0;17,0;17,419817604262732;51,08695652173913;97590,0
364;31030,0;1529;29,480950177387015;65,64748201438849;5186400,0;2361,0;50,958234967320685;96,19565217391305;4633206,0
365;24009,0;13;29,520630378999478;65,82733812949641;44037,0;2,0;12,742911755336094;30,61594202898551;15695,0
366;23012,0;33;29,619789609736834;66,00719424460432;111412,0;25,0;20,840453821722424;62,86231884057971;119959,0
367;15009,0;77;29,793688381235395;66,18705035971223;258444,0;16,0;9,214307515995463;16,304347826086957;173643,0
368;24012,0;30;29,796194032815542;66,36690647482014;100684,0;13,0;12,717045732452922;30,253623188405797;102225,0
369;17003,0;35;29,946780293307324;66,54676258992805;116874,0;17,0;17,301038062283737;50,90579710144928;98260,0
370;27001,0;28;29,98661311914324;66,72661870503596;93375,0;26,0;34,11760074533835;86,77536231884058;76207,0
371;51022,0;12;30,043563166591557;66,90647482014388;39942,0;2,0;9,91866693116445;19,202898550724637;20164,0
372;31015,0;82;30,11196509949801;67,08633093525181;272317,0;126,0;52,083333333333336;96,37681159420289;241920,0
373;35054,0;98;30,247753795630125;67,26618705035972;323991,0;104,0;44,905396419658196;93,84057971014492;231598,0
374;29012,0;324;30,388921924856824;67,44604316546763;1066178,0;44,0;6,754060111134989;7,971014492753622;651460,0
375;16001,0;11;30,52248952523655;67,62589928057554;36039,0;8,0;33,43223703456057;85,86956521739131;23929,0
376;41029,0;115;30,617515348693566;67,80575539568345;375602,0;116,0;33,86109943486993;86,41304347826086;342576,0
377;43027,0;104;30,62832236309287;67,98561151079137;339555,0;31,0;14,611751619076351;38,768115942028984;212158,0
378;41001,0;78;30,70406789535424;68,16546762589928;254038,0;43,0;14,754728375744598;40,21739130434783;291432,0
379;51020,0;13;30,718336483931946;68,34532374100719;42320,0;13,0;32,89057558507274;84,96376811594203;39525,0
380;27004,0;30;30,742429676692115;68,5251798561151;97585,0;18,0;18,504240555127218;55,434782608695656;97275,0
381;41007,0;21;30,78321288790513;68,70503597122301;68219,0;10,0;18,833810456531566;56,34057971014492;53096,0
382;12004,0;147;30,87392098796547;68,88489208633094;476130,0;80,0;21,417289106631326;65,03623188405797;373530,0
383;26010,0;77;30,979931441814056;69,06474820143885;248548,0;67,0;31,29101107328168;83,15217391304348;214119,0
384;15011,0;132;31,068984915066338;69,24460431654677;424861,0;27,0;7,958896720050229;11,231884057971014;339243,0
385;33004,0;95;31,07591355007965;69,42446043165468;305703,0;120,0;62,57593850871109;98,55072463768117;191767,0
386;23010,0;29;31,10486630270398;69,60431654676259;93233,0;14,0;14,716858161023453;39,67391304347826;95129,0
387;25015,0;34;31,12242095820442;69,7841726618705;109246,0;8,0;10,071507704703393;20,108695652173914;79432,0
388;25012,0;36;31,132442599558956;69,96402877697841;115635,0;20,0;29,754377612806284;80,61594202898551;67217,0
389;51005,0;25;31,160802203691933;70,14388489208633;80229,0;24,0;30,309153364316025;81,70289855072464;79184,0
390;52013,0;160;31,334333420808345;70,32374100719424;510622,0;95,0;25,488712524885035;73,0072463768116;372714,0
391;21017,0;131;31,462401229675525;70,50359712230215;416370,0;68,0;17,62904852395606;51,26811594202898;385727,0
392;50010,0;176;31,48209098324294;70,68345323741008;559048,0;153,0;35,578003027618294;88,40579710144928;430041,0
393;25014,0;16;31,49482303846305;70,86330935251799;50802,0;5,0;12,715528203041554;30,07246376811594;39322,0
394;31008,0;2;31,555695803092455;71,0431654676259;6338,0;2,0;15,957871219979255;44,565217391304344;12533,0
395;23018,0;75;31,9112272207023;71,22302158273382;235027,0;39,0;19,72606065510753;59,60144927536232;197708,0
396;23026,0;74;31,991007932905347;71,40287769784173;231315,0;35,0;16,054235795441514;44,7463768115942;218011,0
397;26005,0;159;32,28026579449043;71,58273381294964;492561,0;185,0;46,55915277442216;95,1086956521739;397344,0
398;23029,0;32;32,28735748158612;71,76258992805755;99110,0;8,0;11,039964672113049;23,91304347826087;72464,0
399;50011,0;73;32,29802672329882;71,94244604316546;226020,0;66,0;36,12993638941502;89,4927536231884;182674,0
400;41024,0;134;32,481541273373374;72,12230215827337;412542,0;313,0;72,52707020759426;99,27536231884058;431563,0
401;31002,0;69;32,49842217805367;72,3021582733813;212318,0;34,0;16,83618393035762;48,91304347826087;201946,0
402;16004,0;27;32,55679351758067;72,48201438848922;82932,0;19,0;31,236642225364154;82,97101449275362;60826,0
403;52002,0;27;32,567396417586394;72,66187050359713;82905,0;11,0;14,115231618118825;35,507246376811594;77930,0
404;29009,0;119;32,614802735258245;72,84172661870504;364865,0;15,0;7,264661297274784;9,601449275362318;206479,0
405;51007,0;61;32,66853752061866;73,02158273381295;186724,0;39,0;28,31339296085492;78,62318840579711;137744,0
406;52001,0;24;32,79898323151982;73,20143884892086;73173,0;16,0;21,314576506008045;64,85507246376811;75066,0
407;25006,0;23;32,81307957885126;73,38129496402878;70094,0;4,0;5,643579722618057;3,985507246376811;70877,0
408;41014,0;20;32,90556103981573;73,56115107913669;60780,0;6,0;11,931750387781888;27,173913043478258;50286,0
409;29024,0;156;33,01741033444944;73,7410071942446;472478,0;14,0;4,738791066701869;2,355072463768116;295434,0
410;23015,0;48;33,14161827760248;73,92086330935251;144833,0;11,0;8,721713896068886;15,217391304347828;126122,0
411;26001,0;106;33,15452825172419;74,10071942446042;319715,0;82,0;26,703921894285035;75,90579710144928;307071,0
412;26014,0;77;33,495154077708754;74,28057553956835;229884,0;82,0;39,3291030566387;91,84782608695652;208497,0
413;52005,0;23;33,54481149274411;74,46043165467626;68565,0;12,0;22,63980076975323;67,7536231884058;53004,0
414;24008,0;16;33,921302578018995;74,64028776978418;47168,0;5,0;14,300014300014299;37,13768115942029;34965,0
415;24004,0;44;34,056781943713425;74,82014388489209;129196,0;24,0;18,071880906304827;53,44202898550725;132803,0
416;25005,0;11;34,213554788342506;75,0;32151,0;6,0;22,070183182520417;66,84782608695652;27186,0
417;41037,0;1163;34,24661568053296;75,17985611510791;3395956,0;1214,0;39,62362129218047;92,02898550724638;3063829,0
418;25018,0;31;34,31215203603883;75,35971223021582;90347,0;11,0;22,119000221190003;67,02898550724638;49731,0
419;41004,0;36;34,390852033359124;75,53956834532374;104679,0;19,0;17,250301880282905;50,54347826086957;110143,0
420;15021,0;58;34,405030252699014;75,71942446043165;168580,0;57,0;36,218531179707455;89,85507246376811;157378,0
421;17006,0;123;34,441047007829034;75,89928057553958;357132,0;35,0;12,438120351252518;28,985507246376812;281393,0
422;17007,0;18;34,45042010373404;76,07913669064749;52249,0;8,0;29,825150057786225;80,79710144927536;26823,0
423;31027,0;140;34,52476658791732;76,2589928057554;405506,0;41,0;13,614387418977792;34,05797101449276;301152,0
424;28006,0;43;34,645846929813956;76,43884892086331;124113,0;22,0;19,8319691342444;59,96376811594203;110932,0
425;23032,0;193;34,73140744979692;76,61870503597122;555693,0;117,0;22,98096508268237;67,93478260869566;509117,0
426;52015,0;131;34,76119589127972;76,79856115107914;376857,0;47,0;16,081241061225047;44,927536231884055;292266,0
427;23005,0;139;35,04737699379233;76,97841726618705;396606,0;49,0;16,451841431108754;47,10144927536232;297839,0
428;25011,0;19;35,10911543507585;77,15827338129496;54117,0;3,0;14,215988248116382;36,41304347826087;21103,0
429;21019,0;42;35,15526910521469;77,33812949640287;119470,0;10,0;10,943193880565982;23,369565217391305;91381,0
430;25020,0;51;35,3800581342916;77,51798561151078;144149,0;16,0;14,419740624915509;38,04347826086957;110959,0
431;52003,0;17;35,38865065156751;77,6978417266187;48038,0;6,0;21,73676774263667;65,94202898550725;27603,0
432;27002,0;31;35,48778533324175;77,87769784172663;87354,0;25,0;33,308019238711914;85,68840579710145;75057,0
433;33003,0;219;35,5023254833747;78,05755395683454;616861,0;200,0;36,265916203974015;90,03623188405797;551482,0
434;52014,0;41;35,58687972502626;78,23741007194245;115211,0;5,0;21,284747350048953;64,4927536231884;23491,0
435;51009,0;27;35,62757310250185;78,41726618705036;75784,0;35,0;32,47807729782397;84,23913043478261;107765,0
436;51003,0;54;35,648505733468006;78,59712230215827;151479,0;33,0;26,233991303034397;74,45652173913044;125791,0
437;25017,0;186;35,702631629460434;78,77697841726618;520970,0;116,0;25,413461685920282;72,64492753623189;456451,0
438;16003,0;228;35,9633930514939;78,9568345323741;633978,0;168,0;35,42144135748457;87,68115942028986;474289,0
439;29004,0;182;36,057954246022234;79,13669064748201;504743,0;143,0;36,693198671860166;90,76086956521739;389718,0
440;51019,0;36;36,28081349646262;79,31654676258992;99226,0;19,0;23,3849031988086;69,02173913043478;81249,0
441;32006,0;133;36,29496618837361;79,49640287769785;366442,0;131,0;47,944603853135796;95,47101449275362;273232,0
442;51004,0;36;36,333541914777655;79,67625899280576;99082,0;23,0;30,190858733034048;81,15942028985508;76182,0
443;22003,0;370;36,37461130778525;79,85611510791367;1017193,0;218,0;23,150360529697238;68,84057971014492;941670,0
444;22014,0;14;36,479232893845435;80,03597122302159;38378,0;1,0;14,144271570014144;35,688405797101446;7070,0
445;27003,0;66;36,5147248394182;80,2158273381295;180749,0;43,0;26,013466506149463;73,91304347826086;165299,0
446;52017,0;58;36,610383462206094;80,39568345323741;158425,0;12,0;11,735252699108122;26,08695652173913;102256,0
447;26011,0;172;36,80112628563237;80,57553956834532;467377,0;152,0;36,15191414871756;89,67391304347827;420448,0
448;25001,0;42;36,847600080713796;80,75539568345323;113983,0;24,0;25,219885880016392;72,46376811594203;95163,0
449;29028,0;237;37,09831680084152;80,93525179856115;638843,0;119,0;21,016491764714196;63,76811594202898;566222,0
450;14003,0;18;37,0996331258502;81,11510791366906;48518,0;12,0;33,845719926667606;86,23188405797102;35455,0
451;27007,0;15;37,199613124023514;81,29496402877699;40323,0;4,0;16,7259042441982;48,188405797101446;23915,0
452;31037,0;161;37,66020205517102;81,4748201438849;427507,0;196,0;54,15097623711497;97,28260869565217;361951,0
453;26017,0;1312;37,71502161714654;81,65467625899281;3478720,0;2223,0;75,86903836761775;99,63768115942028;2930049,0
454;31013,0;32;37,73851923485152;81,83453237410072;84794,0;22,0;35,50907095357996;88,22463768115942;61956,0
455;29018,0;45;37,95578572693765;82,01438848920863;118559,0;27,0;24,72618044617019;71,55797101449275;109196,0
456;15016,0;142;37,95837409848861;82,19424460431655;374094,0;186,0;61,22831908513041;98,18840579710145;303781,0
457;26006,0;56;38,096533895710735;82,37410071942446;146995,0;32,0;28,736406332785545;79,34782608695652;111357,0
458;33009,0;78;38,16625809198069;82,55395683453237;204369,0;48,0;49,34007647711854;95,65217391304348;97284,0
459;27010,0;28;38,43988962260266;82,73381294964028;72841,0;15,0;28,86447168395328;79,71014492753623;51967,0
460;24003,0;16;38,50133551507568;82,91366906474819;41557,0;5,0;27,52546105147261;77,35507246376811;18165,0
461;52007,0;216;38,66027817502009;83,09352517985612;558713,0;104,0;23,020716431257707;68,11594202898551;451767,0
462;32002,0;54;39,11144589221175;83,27338129496404;138067,0;26,0;19,135516254149096;57,971014492753625;135873,0
463;11001,0;261;39,55300557379136;83,45323741007195;659874,0;245,0;50,515255607193374;95,83333333333334;485002,0
464;33010,0;244;39,58770379960834;83,63309352517986;616353,0;263,0;56,664181773524255;97,46376811594203;464138,0
465;31012,0;65;39,64816825462663;83,81294964028777;163942,0;50,0;32,59856175145553;84,42028985507247;153381,0
466;21009,0;227;39,67948762769104;83,99280575539568;572084,0;164,0;35,469429244976965;87,86231884057972;462370,0
467;23019,0;113;39,82505171970212;84,17266187050359;283741,0;64,0;26,06659199674168;74,27536231884058;245525,0
468;28012,0;66;39,84592907424625;84,35251798561151;165638,0;26,0;16,777765588802776;48,369565217391305;154967,0
469;24007,0;24;39,84923705314892;84,53237410071942;60227,0;13,0;28,78653675819309;79,52898550724638;45160,0
470;28013,0;54;39,934034890514184;84,71223021582733;135223,0;34,0;28,339709768031142;78,80434782608695;119973,0
471;41035,0;12;40,10695187165775;84,89208633093526;29920,0;4,0;17,27264876068745;50,72463768115942;23158,0
472;31006,0;69;40,2825617374044;85,07194244604317;171290,0;26,0;20,105631896811712;60,86956521739131;129317,0
473;28001,0;68;40,561175796907804;85,25179856115108;167648,0;30,0;19,8267145151377;59,78260869565217;151311,0
474;15017,0;138;40,630419229376386;85,431654676259;339647,0;85,0;32,81941982987957;84,60144927536231;258993,0
475;51021,0;121;40,65163564039764;85,61151079136691;297651,0;85,0;36,76057190800342;90,94202898550725;231226,0
476;15014,0;88;40,8994153242673;85,79136690647482;215162,0;25,0;18,752859811121198;56,15942028985508;133313,0
477;25021,0;56;41,24865573577289;85,97122302158273;135762,0;29,0;23,065298655849837;68,47826086956522;125730,0
478;31038,0;25;41,50824353716648;86,15107913669064;60229,0;5,0;11,676786548341896;25,724637681159418;42820,0
479;27013,0;55;41,5103738197846;86,33093525179856;132497,0;21,0;17,205922114525894;50,0;122051,0
480;29020,0;241;41,60861315557305;86,51079136690647;579207,0;26,0;8,094393076180692;12,318840579710146;321210,0
481;32009,0;758;41,73342362728419;86,6906474820144;1816290,0;1068,0;71,48728356354738;99,09420289855072;1493972,0
482;23021,0;94;41,93788731200449;86,87050359712231;224141,0;48,0;23,871096081161724;69,7463768115942;201080,0
483;13008,0;28;42,05782951558393;87,05035971223022;66575,0;10,0;20,868549009787348;63,22463768115942;47919,0
484;31004,0;99;42,27842263048659;87,23021582733813;234162,0;27,0;12,492885995474797;29,166666666666668;216123,0
485;41019,0;64;42,288047679773754;87,41007194244604;151343,0;43,0;28,6368843069874;78,98550724637681;150156,0
486;26009,0;131;42,704951166399354;87,58992805755396;306756,0;49,0;23,89393045403344;69,92753623188406;205073,0
487;11007,0;66;42,97182740951501;87,76978417266187;153589,0;33,0;31,38134996861865;83,33333333333334;105158,0
488;24013,0;27;43,058767243441515;87,94964028776978;62705,0;6,0;13,403029084573113;33,8768115942029;44766,0
489;43026,0;1679;43,63501789451553;88,12949640287769;3847827,0;1119,0;33,45796600084617;86,05072463768117;3344495,0
490;17002,0;128;43,732575302028096;88,3093525179856;292688,0;60,0;25,87601078167116;73,73188405797102;231875,0
491;33017,0;109;43,73996789727127;88,48920863309353;249200,0;105,0;53,03941080791651;96,55797101449275;197966,0
492;51002,0;46;44,14672066642354;88,66906474820144;104198,0;25,0;27,73463501220324;78,07971014492753;90140,0
493;24002,0;28;44,386671316698894;88,84892086330936;63082,0;14,0;23,65744026496333;69,38405797101449;59178,0
494;26012,0;100;44,63090243684727;89,02877697841727;224060,0;78,0;41,52337553102009;92,7536231884058;187846,0
495;51017,0;408;44,636214848980806;89,20863309352518;914056,0;314,0;53,71635029903243;96,92028985507247;584552,0
496;23013,0;88;44,89498145531164;89,38848920863309;196013,0;22,0;12,006767450744965;27,717391304347828;183230,0
497;51008,0;13;44,970250449702505;89,568345323741;28908,0;8,0;30,76213181573483;82,2463768115942;26006,0
498;23009,0;52;45,34593717843626;89,74820143884892;114674,0;11,0;10,971583598479937;23,55072463768116;100259,0
499;29031,0;469;45,557776780493114;89,92805755395683;1029462,0;263,0;25,146095949088238;72,10144927536231;1045888,0
500;28007,0;38;45,990922844175486;90,10791366906474;82625,0;23,0;28,01393388711603;78,44202898550725;82102,0
501;26013,0;263;46,54677774179105;90,28776978417267;565023,0;216,0;43,53785374506168;93,29710144927536;496120,0
502;28003,0;26;46,55410123726477;90,46762589928058;55849,0;5,0;9,838452608173785;18,65942028985507;50821,0
503;26016,0;88;46,86010660674253;90,64748201438849;187793,0;76,0;50,89058524173028;96,01449275362319;149340,0
504;11003,0;91;47,066125320023794;90,82733812949641;193345,0;88,0;53,22752346849898;96,73913043478261;165328,0
505;26015,0;283;47,161636092150175;91,00719424460432;600064,0;235,0;45,30627038782168;94,20289855072464;518692,0
506;52018,0;58;47,17633374815971;91,18705035971223;122943,0;23,0;26,344424717942843;74,63768115942028;87305,0
507;51016,0;12;48,18503051718599;91,36690647482014;24904,0;6,0;25,030244879229066;71,92028985507247;23971,0
508;29005,0;91;48,92552030409093;91,54676258992805;185997,0;16,0;11,359118532401885;24,818840579710145;140856,0
509;27006,0;218;48,997682724271165;91,72661870503596;444919,0;126,0;35,718031652979484;88,58695652173914;352763,0
510;13007,0;1172;49,23943557826507;91,90647482014388;2380206,0;493,0;26,603020872848894;75,18115942028986;1853173,0
511;27012,0;153;49,26013213306031;92,08633093525181;310596,0;71,0;27,153855273775875;76,81159420289855;261473,0
512;27005,0;85;49,38988959907031;92,26618705035972;172100,0;50,0;3,174371395104484;0,9057971014492754;1575115,0
513;24014,0;58;49,44122887026791;92,44604316546763;117311,0;10,0;16,27975124540097;46,01449275362319;61426,0
514;52010,0;1200;49,47570186436813;92,62589928057554;2425433,0;543,0;29,31337072992453;80,2536231884058;1852397,0
515;29030,0;145;49,51035961593619;92,80575539568345;292868,0;22,0;10,563972053492114;21,920289855072465;208255,0
516;32004,0;30;49,76527379194798;92,98561151079137;60283,0;11,0;24,855948480397696;71,73913043478261;44255,0
517;26008,0;464;49,8386152598536;93,16546762589928;931005,0;353,0;45,40426517119852;94,38405797101449;777460,0
518;28002,0;34;50,03311014642043;93,34532374100719;67955,0;9,0;18,51889956583469;55,61594202898551;48599,0
519;24018,0;586;50,16178459536731;93,5251798561151;1168220,0;159,0;16,499646658510237;47,28260869565217;963657,0
520;28009,0;30;50,387987503779094;93,70503597122301;59538,0;13,0;13,056665930136793;32,789855072463766;99566,0
521;15012,0;167;50,40048770771339;93,88489208633094;331346,0;87,0;34,91157740137479;87,31884057971014;249201,0
522;32005,0;109;50,415814839825714;94,06474820143885;216202,0;83,0;47,80362501223888;95,28985507246377;173627,0
523;33013,0;121;51,255332037124106;94,24460431654677;236073,0;107,0;61,70454479922956;98,36956521739131;173407,0
524;17005,0;64;51,329349961904;94,42446043165468;124685,0;21,0;22,464938649322306;67,57246376811594;93479,0
525;25023,0;46;51,60884979580847;94,60431654676259;89132,0;22,0;27,174248693783273;76,9927536231884;80959,0
526;15019,0;163;51,678767318728;94,7841726618705;315410,0;104,0;54,082725769378776;97,10144927536231;192298,0
527;29032,0;421;51,711770139339265;94,96402877697841;814128,0;83,0;15,465972996038474;42,934782608695656;536662,0
528;29021,0;2010;51,76860617792639;95,14388489208633;3882662,0;1285,0;38,89826786164568;91,66666666666666;3303489,0
529;25004,0;60;52,008841503055514;95,32374100719424;115365,0;13,0;12,35412627817691;28,6231884057971;105228,0
530;29017,0;177;52,23781486564257;95,50359712230215;338835,0;57,0;20,38597444957869;61,77536231884058;279604,0
531;24011,0;48;52,59985754205249;95,68345323741008;91255,0;14,0;15,431588461580857;42,391304347826086;90723,0
532;27011,0;708;56,28294102215545;95,86330935251799;1257930,0;653,0;60,49248105325469;98,0072463768116;1079473,0
533;23014,0;37;56,42910521740457;96,0431654676259;65569,0;5,0;8,084335790971414;11,956521739130435;61848,0
534;28005,0;66;56,53879760823753;96,22302158273382;116734,0;17,0;15,769798053821395;44,20289855072464;107801,0
535;15007,0;1300;56,54971894789683;96,40287769784173;2298862,0;753,0;35,79523414741742;88,94927536231883;2103632,0
536;15008,0;191;57,11397976789596;96,58273381294964;334419,0;79,0;31,457309643457275;83,51449275362319;251134,0
537;25022,0;667;57,930382792157594;96,76258992805755;1151382,0;381,0;44,19871556908456;93,47826086956522;862016,0
538;23024,0;37;58,083860535941355;96,94244604316546;63701,0;23,0;35,71927753878648;88,76811594202898;64391,0
539;52012,0;714;58,43951755477272;97,12230215827337;1221776,0;452,0;44,840424634853115;93,65942028985508;1008019,0
540;24001,0;221;58,554059174043324;97,3021582733813;377429,0;61,0;21,105732801422732;63,949275362318836;289021,0
541;27009,0;193;59,98949406787827;97,48201438848922;321723,0;99,0;36,455629080544846;90,39855072463769;271563,0
542;28010,0;59;61,25860475740554;97,66187050359713;96313,0;11,0;17,923775072917177;52,89855072463768;61371,0
543;28008,0;29;61,91421678515767;97,84172661870504;46839,0;8,0;27,030679821597513;76,26811594202898;29596,0
544;23016,0;2262;62,464532323738595;98,02158273381295;3621255,0;788,0;24,669142346586423;71,19565217391305;3194274,0
545;15015,0;189;62,86107701978627;98,20143884892086;300663,0;74,0;30,27798463187699;81,52173913043478;244402,0
546;15020,0;208;64,07156300729737;98,38129496402878;324637,0;193,0;78,88756274218073;99,81884057971014;244652,0
547;28011,0;643;67,6078492397534;98,56115107913669;951073,0;246,0;32,081251638295626;84,05797101449275;766803,0
548;27008,0;103;68,20650014568379;98,7410071942446;151012,0;49,0;41,727341627706956;92,93478260869566;117429,0
549;24017,0;223;68,25019357958493;98,92086330935251;326739,0;35,0;15,09544635078367;41,30434782608695;231858,0
550;26018,0;205;68,519248895336;99,10071942446042;299186,0;175,0;73,77989139599987;99,45652173913044;237192,0
551;23017,0;94;68,69386651466321;99,28057553956835;136839,0;16,0;16,795784258151205;48,731884057971016;95262,0
552;21002,0;984;69,21929220459928;99,46043165467626;1421569,0;272,0;22,155989570393732;67,21014492753623;1227659,0
553;23023,0;235;71,36891655910713;99,64028776978418;329275,0;55,0;18,3583006221795;54,347826086956516;299592,0
554;29019,0;171;72,55693173283774;99,82014388489209;235677,0;37,0;20,006921313319204;60,507246376811594;184936,0
555;28004,0;129;77,21869051467155;100,0;167058,0;34,0;35,97655175332783;89,31159420289855;94506,0
