,CODMUNRES,Unnamed: 0,ano,homicidios,idade_media,negro_proporcao,codigo_mun_7,uf,pop_mun,pop_uf,tx_hom,tx_hom_pct
1463,290320,48844,2015,1,29.0,0.0,2903201.0,29.0,157638.0,15344447.0,0.6343648105152312,0.15151515151515152
2758,354910,50139,2015,1,69.0,0.0,3549102.0,35.0,90089.0,45094866.0,1.1100134311625172,0.30303030303030304
3180,420890,50561,2015,2,39.5,0.5,4208906.0,42.0,170835.0,7001161.0,1.1707202856557497,0.45454545454545453
2810,355620,50191,2015,2,37.5,1.0,3556206.0,35.0,124024.0,45094866.0,1.612591111397794,0.6060606060606061
533,211250,47914,2015,1,54.0,1.0,2112506.0,21.0,58605.0,7000229.0,1.7063390495691495,0.7575757575757576
2478,350700,49859,2015,1,23.0,0.0,3507001.0,35.0,57910.0,45094866.0,1.7268174753928511,0.9090909090909091
2247,316940,49628,2015,1,25.0,1.0,3169406.0,31.0,57097.0,21119536.0,1.7514055029160902,1.0606060606060608
2792,355370,50173,2015,1,36.0,1.0,3553708.0,35.0,56951.0,45094866.0,1.7558954188688523,1.2121212121212122
706,230470,48087,2015,1,23.0,,2304707.0,23.0,54365.0,9020460.0,1.8394187436769982,1.3636363636363635
2142,315250,49523,2015,3,39.66666666666666,0.0,3152501.0,31.0,147137.0,21119536.0,2.038916112194757,1.5151515151515151
2817,355710,50198,2015,2,24.5,1.0,3557105.0,35.0,92768.0,45094866.0,2.155915833045878,1.6666666666666667
2723,354330,50104,2015,3,45.0,0.6666666666666666,3543303.0,35.0,121848.0,45094866.0,2.4620839078195784,1.8181818181818181
2222,316470,49603,2015,2,50.5,0.5,3164704.0,31.0,70533.0,21119536.0,2.835552152892972,1.9696969696969695
2441,350160,49822,2015,7,32.142857142857146,0.2857142857142857,3501608.0,35.0,233868.0,45094866.0,2.9931414302084938,2.1212121212121215
2491,350900,49872,2015,3,54.0,0.0,3509007.0,35.0,98223.0,45094866.0,3.054274457102715,2.272727272727273
2469,350590,49850,2015,2,37.0,0.0,3505906.0,35.0,61480.0,45094866.0,3.2530904359141184,2.4242424242424243
2481,350750,49862,2015,5,32.4,0.2,3507506.0,35.0,142546.0,45094866.0,3.507639639134034,2.5757575757575757
198,150480,47579,2015,2,28.0,1.0,1504802.0,15.0,56466.0,8366628.0,3.5419544504657665,2.727272727272727
3349,431020,50730,2015,3,27.33333333333333,0.3333333333333333,4310207.0,43.0,83330.0,11322895.0,3.6001440057602303,2.878787878787879
3137,420380,50518,2015,2,27.0,0.0,4203808.0,42.0,54403.0,7001161.0,3.6762678528757604,3.0303030303030303
2605,352470,49986,2015,2,34.5,0.5,3524709.0,35.0,54204.0,45094866.0,3.6897645930189658,3.1818181818181817
2662,353390,50043,2015,2,44.0,0.5,3533908.0,35.0,54037.0,45094866.0,3.7011677184151597,3.3333333333333335
3543,500620,50924,2015,2,54.0,0.0,5006200.0,50.0,52625.0,2713147.0,3.800475059382423,3.4848484848484853
3249,421930,50630,2015,2,20.0,0.0,4219309.0,42.0,52066.0,7001161.0,3.8412783774440133,3.6363636363636362
2456,350380,49837,2015,2,31.5,0.0,3503802.0,35.0,51986.0,45094866.0,3.8471896279767632,3.787878787878788
3128,420290,50509,2015,5,26.8,0.2,4202909.0,42.0,128818.0,7001161.0,3.881445139654396,3.939393939393939
2458,350400,49839,2015,4,54.25,0.0,3504008.0,35.0,102924.0,45094866.0,3.8863627530993745,4.090909090909091
2021,313720,49402,2015,2,51.0,0.5,3137205.0,31.0,51204.0,21119536.0,3.905944848058745,4.242424242424243
2759,354940,50140,2015,2,17.0,0.5,3549409.0,35.0,50921.0,45094866.0,3.9276526384006596,4.393939393939394
1978,313190,49359,2015,2,28.5,1.0,3131901.0,31.0,50816.0,21119536.0,3.935768261964736,4.545454545454546
2595,352320,49976,2015,2,41.0,0.0,3523206.0,35.0,50379.0,45094866.0,3.9699080966275635,4.696969696969696
2814,355670,50195,2015,3,37.333333333333336,0.6666666666666666,3556701.0,35.0,75129.0,45094866.0,3.993131813281156,4.848484848484849
3432,431720,50813,2015,3,33.0,0.0,4317202.0,43.0,72753.0,11322895.0,4.123541297266092,5.0
2816,355700,50197,2015,5,34.2,0.0,3557006.0,35.0,119898.0,45094866.0,4.1702113463110315,5.151515151515151
2587,352240,49968,2015,4,33.25,0.0,3522406.0,35.0,93570.0,45094866.0,4.274874425563749,5.303030303030303
1938,312610,49319,2015,3,38.0,1.0,3126109.0,31.0,68423.0,21119536.0,4.384490595267673,5.454545454545454
3157,420590,50538,2015,3,47.33333333333334,0.0,4205902.0,42.0,67392.0,7001161.0,4.451566951566952,5.606060606060606
2751,354780,50132,2015,34,31.294117647058826,0.5,3547809.0,35.0,715231.0,45094866.0,4.753708941586704,5.757575757575758
2686,353730,50067,2015,3,42.66666666666666,0.3333333333333333,3537305.0,35.0,62738.0,45094866.0,4.781790940100098,5.909090909090909
2610,352530,49991,2015,7,33.285714285714285,0.8571428571428571,3525300.0,35.0,146338.0,45094866.0,4.783446541568151,6.0606060606060606
1796,310400,49177,2015,5,31.4,0.6,3104007.0,31.0,104283.0,21119536.0,4.794645340084195,6.212121212121212
2709,354140,50090,2015,11,35.36363636363637,0.5454545454545454,3541406.0,35.0,225271.0,45094866.0,4.88300757753994,6.363636363636363
2465,350550,49846,2015,6,28.66666666666667,0.8333333333333334,3505500.0,35.0,120638.0,45094866.0,4.973557253933254,6.515151515151516
2635,352940,50016,2015,23,32.95652173913044,0.43478260869565216,3529401.0,35.0,462005.0,45094866.0,4.978301100637439,6.666666666666667
1782,310160,49163,2015,4,32.0,0.0,3101607.0,31.0,79707.0,21119536.0,5.01837981607638,6.8181818181818175
2471,350610,49852,2015,4,39.5,0.75,3506102.0,35.0,77761.0,45094866.0,5.143966769974666,6.969696969696971
3186,421010,50567,2015,3,38.333333333333336,0.0,4210100.0,42.0,55907.0,7001161.0,5.366054340243619,7.121212121212121
2755,354870,50136,2015,45,29.0,0.6,3548708.0,35.0,827437.0,45094866.0,5.438480512715772,7.2727272727272725
1889,311830,49270,2015,7,37.857142857142854,0.42857142857142855,3118304.0,31.0,127369.0,21119536.0,5.495842787491462,7.424242424242425
2632,352900,50013,2015,13,40.615384615384606,0.6153846153846154,3529005.0,35.0,235234.0,45094866.0,5.526411998265557,7.575757575757576
2615,352590,49996,2015,23,42.69565217391305,0.2608695652173913,3525904.0,35.0,409497.0,45094866.0,5.616646764200959,7.727272727272727
2443,350190,49824,2015,4,45.5,0.25,3501905.0,35.0,71193.0,45094866.0,5.618529911648618,7.878787878787878
2428,330580,49809,2015,10,35.1,0.6,3305802.0,33.0,176060.0,16718956.0,5.679881858457344,8.030303030303031
2761,354980,50142,2015,26,40.5,0.2,3549805.0,35.0,450657.0,45094866.0,5.769354520178317,8.181818181818182
3217,421480,50598,2015,4,26.5,0.25,4214805.0,42.0,69188.0,7001161.0,5.781349366942244,8.333333333333332
2640,353050,50021,2015,4,37.0,0.75,3530508.0,35.0,68994.0,45094866.0,5.797605588891788,8.484848484848486
2379,330220,49760,2015,6,40.833333333333336,0.6666666666666666,3302205.0,33.0,99997.0,16718956.0,6.0001800054001615,8.636363636363637
2135,315180,49516,2015,10,31.5,0.4,3151800.0,31.0,166085.0,21119536.0,6.021013336544541,8.787878787878787
2747,354730,50128,2015,8,46.5,0.25,3547304.0,35.0,131887.0,45094866.0,6.065798751961907,8.93939393939394
2804,355500,50185,2015,4,36.0,0.75,3555000.0,35.0,65758.0,45094866.0,6.0829100641747,9.090909090909092
2482,350760,49863,2015,10,39.7,0.3,3507605.0,35.0,164163.0,45094866.0,6.091506612330428,9.242424242424242
2573,352050,49954,2015,15,39.4,0.4,3520509.0,35.0,239602.0,45094866.0,6.260381799818031,9.393939393939393
2756,354880,50137,2015,10,33.9,0.4,3548807.0,35.0,159608.0,45094866.0,6.265350107764022,9.545454545454547
111,130420,47492,2015,4,26.25,1.0,1304203.0,13.0,62021.0,4063614.0,6.449428419406329,9.696969696969697
1807,310560,49188,2015,9,30.555555555555557,0.6666666666666666,3105608.0,31.0,136689.0,21119536.0,6.584289884335974,9.848484848484848
1871,311530,49252,2015,5,34.0,0.75,3115300.0,31.0,75025.0,21119536.0,6.664445184938354,10.0
3144,420430,50525,2015,5,36.4,0.0,4204301.0,42.0,73766.0,7001161.0,6.778190494265651,10.151515151515152
2769,355060,50150,2015,6,30.0,0.6,3550605.0,35.0,88473.0,45094866.0,6.781730019327931,10.303030303030303
2754,354850,50135,2015,30,37.8,0.5172413793103449,3548500.0,35.0,434742.0,45094866.0,6.900644520198187,10.454545454545453
2444,350210,49825,2015,4,35.0,0.5,3502101.0,35.0,57350.0,45094866.0,6.9747166521360064,10.606060606060606
154,150180,47535,2015,7,30.57142857142857,1.0,1501808.0,15.0,99896.0,8366628.0,7.007287579082246,10.757575757575758
206,150530,47587,2015,5,39.0,1.0,1505304.0,15.0,71078.0,8366628.0,7.0345254509130815,10.909090909090908
186,150390,47567,2015,4,32.25,1.0,1503903.0,15.0,56325.0,8366628.0,7.1016422547714155,11.06060606060606
2541,351620,49922,2015,25,34.96,0.4583333333333333,3516200.0,35.0,347237.0,45094866.0,7.19969358104119,11.212121212121213
2772,355100,50153,2015,26,31.5,0.6153846153846154,3551009.0,35.0,360380.0,45094866.0,7.214606803929185,11.363636363636363
133,150040,47514,2015,4,39.75,0.75,1500404.0,15.0,55246.0,8366628.0,7.240343192267314,11.515151515151516
2622,352690,50003,2015,22,35.72727272727273,0.2272727272727273,3526902.0,35.0,300911.0,45094866.0,7.3111318629096305,11.666666666666666
2642,353070,50023,2015,11,34.63636363636363,0.09090909090909093,3530706.0,35.0,149396.0,45094866.0,7.362981605933225,11.818181818181818
2452,350320,49833,2015,17,33.117647058823536,0.5294117647058824,3503208.0,35.0,230770.0,45094866.0,7.366642111192962,11.969696969696969
2500,351040,49881,2015,4,37.0,0.0,3510401.0,35.0,54298.0,45094866.0,7.366753839920439,12.121212121212121
2644,353110,50025,2015,4,27.5,0.75,3531100.0,35.0,54257.0,45094866.0,7.37232062222386,12.272727272727273
2621,352680,50002,2015,5,24.0,0.4,3526803.0,35.0,67185.0,45094866.0,7.442137381856069,12.424242424242424
2032,313840,49413,2015,4,21.25,0.75,3138401.0,31.0,53354.0,21119536.0,7.497094875735653,12.575757575757576
3168,420750,50549,2015,5,38.2,0.2,4207502.0,42.0,66497.0,7001161.0,7.519136201633157,12.727272727272727
2813,355650,50194,2015,9,33.44444444444444,0.1111111111111111,3556503.0,35.0,118917.0,45094866.0,7.568303943086354,12.878787878787879
2643,353080,50024,2015,7,32.714285714285715,0.14285714285714285,3530805.0,35.0,92365.0,45094866.0,7.578628268283441,13.030303030303031
2453,350330,49834,2015,10,31.6,0.2,3503307.0,35.0,131282.0,45094866.0,7.617190475465029,13.18181818181818
2496,350970,49877,2015,4,33.5,0.25,3509700.0,35.0,51454.0,45094866.0,7.773933999300346,13.333333333333334
2680,353650,50061,2015,8,35.25,0.375,3536505.0,35.0,102499.0,45094866.0,7.804954194675069,13.484848484848486
2460,350450,49841,2015,7,28.42857142857143,0.42857142857142855,3504503.0,35.0,89479.0,45094866.0,7.823064629689648,13.636363636363635
2603,352430,49984,2015,6,39.5,0.16666666666666666,3524303.0,35.0,76563.0,45094866.0,7.836683515536225,13.787878787878787
2041,313940,49422,2015,7,43.42857142857143,0.7142857142857143,3139409.0,31.0,88580.0,21119536.0,7.902461052156243,13.939393939393941
2620,352670,50001,2015,8,39.0,0.25,3526704.0,35.0,101184.0,45094866.0,7.906388361796331,14.09090909090909
1816,310740,49197,2015,4,22.75,1.0,3107406.0,31.0,50042.0,21119536.0,7.993285640062348,14.242424242424242
2667,353470,50048,2015,9,29.11111111111111,0.2222222222222222,3534708.0,35.0,111813.0,45094866.0,8.049153497357194,14.393939393939394
2024,313760,49405,2015,5,37.0,0.6,3137601.0,31.0,61752.0,21119536.0,8.096903744008292,14.545454545454545
2589,352260,49970,2015,6,49.5,0.16666666666666666,3522604.0,35.0,73844.0,45094866.0,8.125236986078761,14.696969696969697
3276,430300,50657,2015,7,46.85714285714285,0.14285714285714285,4303004.0,43.0,85495.0,11322895.0,8.187613310719925,14.84848484848485
2470,350600,49851,2015,31,34.74193548387097,0.4838709677419355,3506003.0,35.0,371690.0,45094866.0,8.340283569641368,15.0
2796,355400,50177,2015,10,36.2,0.2222222222222222,3554003.0,35.0,118939.0,45094866.0,8.407671159165623,15.151515151515152
2474,350635,49855,2015,5,36.2,1.0,3506359.0,35.0,59297.0,45094866.0,8.432129787341687,15.303030303030301
3225,421580,50606,2015,7,35.714285714285715,0.0,4215802.0,42.0,82842.0,7001161.0,8.449820139542744,15.454545454545453
1471,290390,48852,2015,6,40.16666666666666,0.5,2903904.0,29.0,70618.0,15344447.0,8.496417344019937,15.606060606060607
2596,352340,49977,2015,10,38.1,0.3,3523404.0,35.0,116503.0,45094866.0,8.583469953563428,15.757575757575756
2733,354520,50114,2015,10,37.8,0.1,3545209.0,35.0,116191.0,45094866.0,8.606518577170348,15.909090909090908
2539,351550,49920,2015,6,44.16666666666666,0.5,3515509.0,35.0,68670.0,45094866.0,8.73743993010048,16.060606060606062
2600,352400,49981,2015,5,39.8,0.4,3524006.0,35.0,57031.0,45094866.0,8.76716171906507,16.21212121212121
2797,355410,50178,2015,27,32.22222222222222,0.2962962962962963,3554102.0,35.0,307953.0,45094866.0,8.767571674898441,16.363636363636363
2030,313820,49411,2015,9,28.11111111111111,0.6666666666666666,3138203.0,31.0,102124.0,21119536.0,8.812815792565901,16.515151515151516
3119,420200,50500,2015,12,32.0,0.25,4202008.0,42.0,135268.0,7001161.0,8.871277759706656,16.666666666666664
3124,420240,50505,2015,31,37.19354838709677,0.12903225806451613,4202404.0,42.0,348513.0,7001161.0,8.89493361797121,16.818181818181817
2757,354890,50138,2015,22,32.68181818181818,0.4090909090909091,3548906.0,35.0,246088.0,45094866.0,8.939891420955105,16.969696969696972
158,150210,47539,2015,12,39.75,0.9090909090909092,1502103.0,15.0,134100.0,8366628.0,8.94854586129754,17.12121212121212
2776,355170,50157,2015,11,39.09090909090909,0.18181818181818185,3551702.0,35.0,122643.0,45094866.0,8.969121759904764,17.272727272727273
3264,430160,50645,2015,11,32.09090909090909,0.4545454545454545,4301602.0,43.0,122209.0,11322895.0,9.000973741704785,17.424242424242426
3129,420300,50510,2015,7,38.857142857142854,0.14285714285714285,4203006.0,42.0,77323.0,7001161.0,9.052933797188418,17.575757575757574
2400,330390,49781,2015,27,36.074074074074076,0.6666666666666666,3303906.0,33.0,298235.0,16718956.0,9.053263366137443,17.727272727272727
2688,353780,50069,2015,5,37.4,0.0,3537800.0,35.0,55092.0,45094866.0,9.075727873375445,17.87878787878788
2781,355220,50162,2015,60,34.13333333333333,0.3620689655172414,3552205.0,35.0,659871.0,45094866.0,9.092686297776384,18.03030303030303
2253,317010,49634,2015,30,30.23333333333333,0.5333333333333333,3170107.0,31.0,328272.0,21119536.0,9.138762977043427,18.181818181818183
3042,412240,50423,2015,6,27.5,0.3333333333333333,4122404.0,41.0,64726.0,11320892.0,9.269845193585267,18.333333333333332
83,130170,47464,2015,5,24.2,0.6,1301704.0,13.0,53383.0,4063614.0,9.366277653934773,18.484848484848484
2097,314610,49478,2015,7,29.0,0.8571428571428571,3146107.0,31.0,74659.0,21119536.0,9.375962710456877,18.636363636363637
676,230260,48057,2015,6,26.16666666666667,0.8333333333333334,2302602.0,23.0,62985.0,9020460.0,9.526077637532746,18.787878787878785
3442,431830,50823,2015,6,21.66666666666667,0.3333333333333333,4318309.0,43.0,62957.0,11322895.0,9.530314341534698,18.939393939393938
386,210170,47767,2015,6,26.0,0.8333333333333334,2101707.0,21.0,62458.0,7000229.0,9.606455538121617,19.090909090909093
2971,411460,50352,2015,5,30.2,0.4,4114609.0,41.0,51795.0,11320892.0,9.653441451877594,19.242424242424242
2762,354990,50143,2015,68,29.75,0.2857142857142857,3549904.0,35.0,703219.0,45094866.0,9.669818363838292,19.393939393939394
2085,314480,49466,2015,9,25.88888888888889,0.5555555555555556,3144805.0,31.0,92178.0,21119536.0,9.763718023823472,19.545454545454547
205,150510,47586,2015,5,38.4,1.0,1505106.0,15.0,50727.0,8366628.0,9.856683817296508,19.696969696969695
3434,431740,50815,2015,5,51.4,0.2,4317400.0,43.0,50658.0,11322895.0,9.870109360811718,19.848484848484848
2542,351630,49923,2015,17,37.8235294117647,0.4117647058823529,3516309.0,35.0,171602.0,45094866.0,9.90664444470344,20.0
2505,351110,49886,2015,12,40.583333333333336,0.2,3511102.0,35.0,120691.0,45094866.0,9.942746352254932,20.151515151515152
811,231410,48192,2015,6,26.5,1.0,2314102.0,23.0,60030.0,9020460.0,9.995002498750626,20.303030303030305
2586,352230,49967,2015,16,42.375,0.25,3522307.0,35.0,160070.0,45094866.0,9.995626913225463,20.454545454545457
2977,411520,50358,2015,41,31.97560975609756,0.24390243902439024,4115200.0,41.0,406693.0,11320892.0,10.081314406690058,20.606060606060606
2534,351500,49915,2015,27,28.037037037037038,0.6296296296296297,3515004.0,35.0,267054.0,45094866.0,10.110314767799771,20.757575757575758
2003,313520,49384,2015,7,35.0,0.7142857142857143,3135209.0,31.0,68584.0,21119536.0,10.20646214860609,20.909090909090907
2394,330340,49775,2015,19,32.368421052631575,0.21052631578947367,3303401.0,33.0,185381.0,16718956.0,10.249162535534925,21.06060606060606
2565,351970,49946,2015,8,36.375,0.375,3519709.0,35.0,77566.0,45094866.0,10.313797282314416,21.21212121212121
2623,352710,50004,2015,8,37.25,0.25,3527108.0,35.0,77021.0,45094866.0,10.38677763207437,21.363636363636363
2724,354340,50105,2015,71,35.53521126760563,0.4,3543402.0,35.0,682302.0,45094866.0,10.405949271730114,21.515151515151516
2362,330080,49743,2015,6,43.0,0.3333333333333333,3300803.0,33.0,57048.0,16718956.0,10.517458981909972,21.666666666666668
100,130340,47481,2015,12,34.333333333333336,1.0,1303403.0,13.0,113832.0,4063614.0,10.541851149061776,21.818181818181817
3279,430350,50660,2015,7,26.714285714285715,0.42857142857142855,4303509.0,43.0,66215.0,11322895.0,10.571622744091218,21.96969696969697
2767,355030,50148,2015,1286,32.78538102643857,0.5415360501567398,3550308.0,35.0,12106920.0,45094866.0,10.62202442900424,22.12121212121212
2717,354260,50098,2015,6,51.16666666666666,0.3333333333333333,3542602.0,35.0,56430.0,45094866.0,10.63264221158958,22.272727272727273
3286,430450,50667,2015,6,57.33333333333334,0.0,4304507.0,43.0,56103.0,11322895.0,10.694615261215977,22.424242424242426
2743,354680,50124,2015,6,38.16666666666666,0.3333333333333333,3546801.0,35.0,56014.0,45094866.0,10.711607812332632,22.575757575757578
2459,350410,49840,2015,15,40.266666666666666,0.4,3504107.0,35.0,139683.0,45094866.0,10.73860097506497,22.727272727272727
2475,350650,49856,2015,13,32.30769230769231,0.3076923076923077,3506508.0,35.0,120692.0,45094866.0,10.771219302024988,22.87878787878788
2488,350850,49869,2015,10,25.7,0.5555555555555556,3508504.0,35.0,92587.0,45094866.0,10.800652359402509,23.03030303030303
2495,350960,49876,2015,9,38.444444444444436,0.4444444444444444,3509601.0,35.0,82520.0,45094866.0,10.906446921958313,23.18181818181818
2634,352930,50015,2015,9,40.444444444444436,0.4444444444444444,3529302.0,35.0,82307.0,45094866.0,10.934671413124036,23.333333333333332
1845,311120,49226,2015,6,35.333333333333336,0.5,3111200.0,31.0,54458.0,21119536.0,11.01766498953322,23.484848484848484
2786,355280,50167,2015,31,30.387096774193548,0.6129032258064516,3552809.0,35.0,279634.0,45094866.0,11.085919451854926,23.636363636363637
2556,351870,49937,2015,35,30.057142857142853,0.7647058823529411,3518701.0,35.0,315563.0,45094866.0,11.09128763511565,23.78787878787879
3439,431800,50820,2015,7,33.42857142857143,0.0,4318002.0,43.0,62808.0,11322895.0,11.145077060247102,23.939393939393938
626,220840,48007,2015,7,36.42857142857143,1.0,2208403.0,22.0,62733.0,3219257.0,11.158401479285224,24.09090909090909
2707,354100,50088,2015,35,32.57142857142857,0.6571428571428571,3541000.0,35.0,310024.0,45094866.0,11.289448558821253,24.242424242424242
2430,330600,49811,2015,9,38.333333333333336,0.5,3306008.0,33.0,79402.0,16718956.0,11.334727084960077,24.393939393939394
1981,313240,49362,2015,11,28.818181818181817,0.2727272727272727,3132404.0,31.0,97000.0,21119536.0,11.34020618556701,24.545454545454547
2109,314790,49490,2015,13,40.615384615384606,0.4615384615384616,3147907.0,31.0,114458.0,21119536.0,11.357877998916633,24.6969696969697
3609,510525,50990,2015,7,27.42857142857143,0.5714285714285714,5105259.0,51.0,61515.0,3344544.0,11.379338372754614,24.848484848484848
3246,421870,50627,2015,12,30.16666666666667,0.25,4218707.0,42.0,104457.0,7001161.0,11.487980700192423,25.0
3254,430040,50635,2015,9,26.11111111111111,0.3333333333333333,4300406.0,43.0,78003.0,11322895.0,11.538017768547364,25.151515151515152
1635,292150,49016,2015,6,32.166666666666664,1.0,2921500.0,29.0,51953.0,15344447.0,11.548899967278116,25.303030303030305
2521,351350,49902,2015,15,33.2,0.4666666666666667,3513504.0,35.0,128748.0,45094866.0,11.650666418119117,25.454545454545453
3152,420540,50533,2015,57,28.578947368421048,0.2631578947368421,4205407.0,42.0,485838.0,7001161.0,11.732305830338507,25.606060606060606
2726,354390,50107,2015,24,35.708333333333336,0.3333333333333333,3543907.0,35.0,202952.0,45094866.0,11.82545626552091,25.757575757575758
1948,312710,49329,2015,7,24.714285714285715,0.8571428571428571,3127107.0,31.0,58770.0,21119536.0,11.910838863365663,25.90909090909091
2564,351960,49945,2015,7,38.285714285714285,0.0,3519600.0,35.0,58715.0,45094866.0,11.921996082772717,26.060606060606062
3182,420930,50563,2015,19,35.473684210526315,0.2777777777777778,4209300.0,42.0,158508.0,7001161.0,11.986776692659046,26.212121212121215
2687,353760,50068,2015,8,38.75,0.625,3537602.0,35.0,66572.0,45094866.0,12.017064231208316,26.36363636363636
2658,353340,50039,2015,7,33.42857142857143,0.5714285714285714,3533403.0,35.0,58227.0,45094866.0,12.021914232229035,26.515151515151516
118,140010,47499,2015,40,33.825,0.9743589743589745,1400100.0,14.0,332020.0,522636.0,12.047467020059033,26.666666666666668
2585,352220,49966,2015,21,30.66666666666667,0.4761904761904762,3522208.0,35.0,170927.0,45094866.0,12.28594663218801,26.81818181818182
2738,354580,50119,2015,24,38.875,0.25,3545803.0,35.0,191889.0,45094866.0,12.507230742773165,26.969696969696972
3232,421660,50613,2015,30,30.266666666666666,0.27586206896551724,4216602.0,42.0,239718.0,7001161.0,12.514704778114284,27.121212121212125
2110,314800,49491,2015,19,32.8421052631579,0.3684210526315789,3148004.0,31.0,150893.0,21119536.0,12.591704055191427,27.27272727272727
2704,354070,50085,2015,7,44.14285714285715,0.5714285714285714,3540705.0,35.0,55432.0,45094866.0,12.628084860730263,27.424242424242422
3202,421190,50583,2015,21,30.523809523809533,0.14285714285714285,4211900.0,42.0,164926.0,7001161.0,12.73298327734863,27.575757575757574
93,130270,47474,2015,7,34.42857142857143,0.8571428571428571,1302702.0,13.0,54708.0,4063614.0,12.795203626526284,27.727272727272727
2560,351907,49941,2015,29,33.241379310344826,0.5,3519071.0,35.0,222186.0,45094866.0,13.052127496781976,27.878787878787882
3175,420830,50556,2015,8,37.0,0.0,4208302.0,42.0,61187.0,7001161.0,13.074672724598361,28.030303030303028
2783,355240,50164,2015,36,35.305555555555564,0.3235294117647059,3552403.0,35.0,273007.0,45094866.0,13.186475072067749,28.18181818181818
2540,351570,49921,2015,25,30.96,0.48,3515707.0,35.0,188868.0,45094866.0,13.236757947349473,28.333333333333332
2936,411070,50317,2015,8,38.125,0.0,4110706.0,41.0,60425.0,11320892.0,13.239553165080679,28.484848484848484
2502,351060,49883,2015,53,30.358490566037737,0.5849056603773585,3510609.0,35.0,396587.0,45094866.0,13.364028573806001,28.636363636363637
2260,317070,49641,2015,18,34.27777777777778,0.625,3170701.0,31.0,134364.0,21119536.0,13.396445476466912,28.78787878787879
2520,351340,49901,2015,11,31.45454545454545,0.5454545454545454,3513405.0,35.0,81724.0,45094866.0,13.459938329009839,28.939393939393938
2431,330610,49812,2015,10,29.7,0.4,3306107.0,33.0,74237.0,16718956.0,13.470371916968627,29.09090909090909
2604,352440,49985,2015,31,33.45161290322581,0.16666666666666666,3524402.0,35.0,229851.0,45094866.0,13.486998098768334,29.242424242424242
2599,352390,49980,2015,23,34.43478260869565,0.3809523809523809,3523909.0,35.0,170157.0,45094866.0,13.51692848369447,29.393939393939394
3098,412810,50479,2015,15,38.93333333333333,0.4666666666666667,4128104.0,41.0,109955.0,11320892.0,13.641944431813014,29.545454545454547
2409,330430,49790,2015,8,36.0,0.625,3304300.0,33.0,58272.0,16718956.0,13.72872048325096,29.6969696969697
2878,410550,50259,2015,11,36.0,0.5454545454545454,4105508.0,41.0,79571.0,11320892.0,13.82413190735318,29.848484848484848
1118,260280,48499,2015,8,22.875,0.875,2602803.0,26.0,57696.0,9473266.0,13.865779256794232,30.0
2494,350950,49875,2015,164,32.59756097560975,0.4878048780487805,3509502.0,35.0,1182429.0,45094866.0,13.869754547630345,30.151515151515152
2812,355645,50193,2015,7,39.714285714285715,0.5714285714285714,3556453.0,35.0,50346.0,45094866.0,13.903785802248441,30.303030303030305
19,110028,47400,2015,8,27.875,0.625,1100288.0,11.0,57074.0,1805788.0,14.016890352875214,30.454545454545457
2784,355250,50165,2015,41,35.829268292682926,0.5263157894736842,3552502.0,35.0,290769.0,45094866.0,14.100540291434093,30.606060606060602
2467,350570,49848,2015,38,33.8421052631579,0.5555555555555556,3505708.0,35.0,267534.0,45094866.0,14.203802133560595,30.757575757575754
2641,353060,50022,2015,62,30.967741935483872,0.459016393442623,3530607.0,35.0,433901.0,45094866.0,14.288973752077087,30.909090909090907
3431,431710,50812,2015,12,32.416666666666664,0.25,4317103.0,43.0,82312.0,11322895.0,14.578676256195939,31.060606060606062
2543,351640,49924,2015,22,34.31818181818182,0.5454545454545454,3516408.0,35.0,149502.0,45094866.0,14.7155222003719,31.212121212121215
2700,353980,50081,2015,17,33.94117647058823,0.29411764705882354,3539806.0,35.0,115488.0,45094866.0,14.72014408423386,31.363636363636367
2557,351880,49938,2015,200,30.675,0.5376884422110553,3518800.0,35.0,1349113.0,45094866.0,14.824555096570858,31.515151515151512
2694,353870,50075,2015,59,34.42372881355932,0.4576271186440678,3538709.0,35.0,397322.0,45094866.0,14.849416845782514,31.666666666666664
2492,350920,49873,2015,11,42.45454545454545,0.5454545454545454,3509205.0,35.0,73921.0,45094866.0,14.880751072090474,31.818181818181817
3115,420140,50496,2015,10,37.4,0.0,4201406.0,42.0,67110.0,7001161.0,14.900908955446281,31.96969696969697
1502,290720,48883,2015,11,28.54545454545455,0.9,2907202.0,29.0,73382.0,15344447.0,14.990052056362595,32.121212121212125
2833,410140,50214,2015,20,35.95,0.2,4101408.0,41.0,132691.0,11320892.0,15.072612309802473,32.27272727272727
2012,313620,49393,2015,12,31.41666666666667,0.6666666666666666,3136207.0,31.0,79590.0,21119536.0,15.077271013946474,32.42424242424242
2584,352210,49965,2015,15,38.0,0.6,3522109.0,35.0,98629.0,45094866.0,15.208508653641424,32.57575757575758
2703,354060,50084,2015,8,39.0,0.0,3540606.0,35.0,52507.0,45094866.0,15.236063762926847,32.72727272727273
1861,311340,49242,2015,14,37.714285714285715,0.7142857142857143,3113404.0,31.0,91841.0,21119536.0,15.243736457573416,32.87878787878788
3574,510180,50955,2015,9,38.66666666666666,0.625,5101803.0,51.0,58974.0,3344544.0,15.260962458032353,33.03030303030303
1961,312870,49342,2015,8,37.375,0.25,3128709.0,31.0,52294.0,21119536.0,15.298122155505412,33.18181818181819
1916,312230,49297,2015,36,31.66666666666667,0.4571428571428571,3122306.0,31.0,234937.0,21119536.0,15.323256873119178,33.33333333333333
494,211000,47875,2015,11,41.63636363636363,0.9090909090909092,2110005.0,21.0,71576.0,7000229.0,15.368279870347603,33.484848484848484
2433,330630,49814,2015,41,35.292682926829265,0.5853658536585366,3306305.0,33.0,265201.0,16718956.0,15.459971870392645,33.63636363636363
2517,351300,49898,2015,37,37.32432432432432,0.5277777777777778,3513009.0,35.0,237750.0,45094866.0,15.562565720294428,33.78787878787879
622,220800,48003,2015,12,36.333333333333336,0.75,2208007.0,22.0,76928.0,3219257.0,15.599001663893512,33.939393939393945
2075,314390,49456,2015,17,31.470588235294123,0.5294117647058824,3143906.0,31.0,108537.0,21119536.0,15.662861512663884,34.090909090909086
49,120020,47430,2015,13,27.23076923076923,0.8461538461538461,1200203.0,12.0,82622.0,829619.0,15.734308053545062,34.24242424242424
2553,351840,49934,2015,19,37.94736842105263,0.42105263157894735,3518404.0,35.0,120417.0,45094866.0,15.778503035285716,34.39393939393939
3394,431405,50775,2015,9,26.222222222222218,0.0,4314050.0,43.0,56277.0,11322895.0,15.992323684631376,34.54545454545455
2524,351380,49905,2015,67,32.059701492537314,0.6363636363636364,3513801.0,35.0,417869.0,45094866.0,16.033733059882405,34.696969696969695
2834,410150,50215,2015,19,39.10526315789474,0.42105263157894735,4101507.0,41.0,118477.0,11320892.0,16.036867915291573,34.84848484848485
95,130290,47476,2015,10,24.6,1.0,1302900.0,13.0,62212.0,4063614.0,16.07406931138687,35.0
2535,351510,49916,2015,11,31.72727272727273,0.09090909090909093,3515103.0,35.0,68270.0,45094866.0,16.112494507104145,35.15151515151515
1530,291070,48911,2015,10,33.0,1.0,2910701.0,29.0,61924.0,15344447.0,16.148827595116593,35.303030303030305
2106,314710,49487,2015,15,28.33333333333333,0.4666666666666667,3147105.0,31.0,92739.0,21119536.0,16.174424999191277,35.45454545454545
3487,432240,50868,2015,21,28.619047619047624,0.2857142857142857,4322400.0,43.0,129784.0,11322895.0,16.18073106083955,35.60606060606061
3657,510795,51038,2015,16,35.5625,0.5625,5107958.0,51.0,98828.0,3344544.0,16.189743797304406,35.75757575757576
3164,420700,50545,2015,9,33.55555555555556,0.0,4207007.0,42.0,54845.0,7001161.0,16.40988239584283,35.90909090909091
2073,314330,49454,2015,66,25.71212121212121,0.90625,3143302.0,31.0,402027.0,21119536.0,16.416807826340023,36.06060606060606
2690,353800,50071,2015,27,30.222222222222218,0.25925925925925924,3538006.0,35.0,164000.0,45094866.0,16.463414634146343,36.21212121212121
2665,353440,50046,2015,115,28.965217391304346,0.6160714285714286,3534401.0,35.0,697886.0,45094866.0,16.478336003301397,36.36363636363637
3428,431680,50809,2015,21,32.57142857142857,0.2380952380952381,4316808.0,43.0,127429.0,11322895.0,16.4797652025834,36.515151515151516
3123,420230,50504,2015,11,33.36363636363637,0.18181818181818185,4202305.0,42.0,66558.0,7001161.0,16.526938910423993,36.666666666666664
217,150580,47598,2015,10,27.2,1.0,1505809.0,15.0,60322.0,8366628.0,16.577699678392626,36.81818181818181
259,150830,47640,2015,10,34.5,1.0,1508308.0,15.0,59735.0,8366628.0,16.74060433581652,36.96969696969697
2873,410490,50254,2015,12,38.833333333333336,0.4166666666666667,4104907.0,41.0,71501.0,11320892.0,16.782982056195017,37.121212121212125
3488,432250,50869,2015,11,30.09090909090909,0.2727272727272727,4322509.0,43.0,65397.0,11322895.0,16.82034344083062,37.27272727272727
2588,352250,49969,2015,39,33.43589743589744,0.6052631578947368,3522505.0,35.0,229502.0,45094866.0,16.993315962388127,37.42424242424243
1482,290520,48863,2015,9,32.333333333333336,1.0,2905206.0,29.0,52853.0,15344447.0,17.02836168240213,37.57575757575757
2856,410370,50237,2015,18,25.944444444444446,0.3333333333333333,4103701.0,41.0,105347.0,11320892.0,17.086390689815563,37.72727272727273
2118,314930,49499,2015,11,28.90909090909091,0.7272727272727273,3149309.0,31.0,63837.0,21119536.0,17.231386186694237,37.878787878787875
618,220770,47999,2015,26,35.57692307692308,0.75,2207702.0,22.0,150547.0,3219257.0,17.270354108683666,38.03030303030303
2607,352500,49988,2015,21,31.952380952380953,0.6190476190476191,3525003.0,35.0,121492.0,45094866.0,17.285088730122148,38.18181818181819
2457,350390,49838,2015,15,33.86666666666667,0.26666666666666666,3503901.0,35.0,86430.0,45094866.0,17.355085039916695,38.333333333333336
2962,411370,50343,2015,97,29.989690721649485,0.3608247422680412,4113700.0,41.0,558439.0,11320892.0,17.36984701999681,38.484848484848484
2357,330030,49738,2015,17,28.764705882352942,0.5882352941176471,3300308.0,33.0,97460.0,16718956.0,17.44305356043505,38.63636363636363
3772,521310,51153,2015,11,26.63636363636364,0.5454545454545454,5213103.0,52.0,62750.0,6778772.0,17.52988047808765,38.78787878787879
2423,330550,49804,2015,15,30.73333333333333,0.6666666666666666,3305505.0,33.0,85175.0,16718956.0,17.61080129145876,38.93939393939394
2393,330330,49774,2015,88,32.46590909090909,0.6363636363636364,3303302.0,33.0,499028.0,16718956.0,17.63428104234632,39.09090909090909
2245,316930,49626,2015,14,23.214285714285715,0.7857142857142857,3169307.0,31.0,78999.0,21119536.0,17.721743313206495,39.24242424242424
2358,330040,49739,2015,32,32.5,0.65625,3300407.0,33.0,179451.0,16718956.0,17.832165883723132,39.39393939393939
1995,313420,49376,2015,19,34.368421052631575,0.7222222222222222,3134202.0,31.0,104526.0,21119536.0,18.177295601094464,39.54545454545455
2137,315210,49518,2015,11,31.0,0.6363636363636364,3152105.0,31.0,60361.0,21119536.0,18.223687480326703,39.696969696969695
3174,420820,50555,2015,39,31.256410256410252,0.2307692307692308,4208203.0,42.0,212615.0,7001161.0,18.34301436869459,39.84848484848485
3009,411850,50390,2015,15,29.066666666666666,0.2,4118501.0,41.0,80710.0,11320892.0,18.5850576136786,40.0
3577,510250,50958,2015,17,30.823529411764714,0.7647058823529411,5102504.0,51.0,91271.0,3344544.0,18.625850489202485,40.15151515151515
1474,290460,48855,2015,13,28.84615384615385,0.9230769230769232,2904605.0,29.0,69677.0,15344447.0,18.65751969803522,40.303030303030305
2630,352850,50011,2015,18,32.611111111111114,0.5,3528502.0,35.0,95601.0,45094866.0,18.828254934571813,40.45454545454545
2204,316250,49585,2015,17,23.470588235294123,0.6875,3162500.0,31.0,90263.0,21119536.0,18.833852187496536,40.60606060606061
2111,314810,49492,2015,17,28.705882352941174,0.6,3148103.0,31.0,89983.0,21119536.0,18.89245746418768,40.75757575757576
3435,431750,50816,2015,15,34.2,0.13333333333333333,4317509.0,43.0,79101.0,11322895.0,18.963097811658514,40.909090909090914
3514,500270,50895,2015,166,33.89156626506024,0.7409638554216867,5002704.0,50.0,874210.0,2713147.0,18.98857253977877,41.060606060606055
408,210330,47789,2015,23,37.60869565217392,0.9090909090909092,2103307.0,21.0,120810.0,7000229.0,19.038159092790334,41.21212121212121
434,210540,47815,2015,13,27.30769230769231,0.9230769230769232,2105401.0,21.0,67726.0,7000229.0,19.19499158373446,41.36363636363637
2294,320150,49675,2015,24,37.29166666666666,0.8333333333333334,3201506.0,32.0,124525.0,4016356.0,19.273238305561133,41.515151515151516
648,230020,48029,2015,12,28.16666666666667,0.8181818181818182,2300200.0,23.0,62199.0,9020460.0,19.292914677084838,41.66666666666667
2195,316110,49576,2015,11,31.181818181818183,0.8181818181818182,3161106.0,31.0,56805.0,21119536.0,19.364492562274446,41.81818181818181
3019,411990,50400,2015,67,31.23880597014925,0.2537313432835821,4119905.0,41.0,344332.0,11320892.0,19.45796498727972,41.96969696969697
2450,350280,49831,2015,38,32.1578947368421,0.5135135135135135,3502804.0,35.0,194874.0,45094866.0,19.499779344602153,42.12121212121212
2412,330455,49793,2015,1281,30.932084309133486,0.7214397496087637,3304557.0,33.0,6520266.0,16718956.0,19.646437737356116,42.27272727272727
1451,290210,48832,2015,11,29.0,0.9090909090909092,2902104.0,29.0,55935.0,15344447.0,19.66568338249754,42.42424242424242
3142,420420,50523,2015,42,30.690476190476193,0.21428571428571427,4204202.0,42.0,213279.0,7001161.0,19.692515437525493,42.57575757575758
3490,432260,50871,2015,14,34.214285714285715,0.21428571428571427,4322608.0,43.0,70481.0,11322895.0,19.863509314567047,42.72727272727273
1973,313130,49354,2015,52,28.57692307692308,0.8297872340425532,3131307.0,31.0,261203.0,21119536.0,19.907887734826936,42.878787878787875
2254,317020,49635,2015,135,32.03703703703704,0.5373134328358209,3170206.0,31.0,676613.0,21119536.0,19.952321341741882,43.03030303030303
2594,352310,49975,2015,72,32.94444444444444,0.5,3523107.0,35.0,360657.0,45094866.0,19.963566491153646,43.18181818181818
3269,430210,50650,2015,23,33.17391304347826,0.13043478260869565,4302105.0,43.0,115069.0,11322895.0,19.98800719568259,43.333333333333336
1458,290270,48839,2015,11,31.181818181818183,0.7272727272727273,2902708.0,29.0,54915.0,15344447.0,20.030956933442592,43.484848484848484
1711,292880,49092,2015,11,26.63636363636364,1.0,2928802.0,29.0,53898.0,15344447.0,20.408920553638353,43.63636363636363
1489,290600,48870,2015,15,35.6,0.8666666666666667,2906006.0,29.0,73448.0,15344447.0,20.422611915913297,43.78787878787879
3559,500830,50940,2015,24,34.541666666666664,0.5833333333333334,5008305.0,50.0,117477.0,2713147.0,20.42953088689701,43.93939393939394
1888,311800,49269,2015,11,33.27272727272727,0.5454545454545454,3118007.0,31.0,53843.0,21119536.0,20.42976802927029,44.09090909090909
1734,293050,49115,2015,17,23.705882352941174,1.0,2930501.0,29.0,83088.0,15344447.0,20.460234931638745,44.24242424242424
1513,290840,48894,2015,14,28.785714285714285,1.0,2908408.0,29.0,68303.0,15344447.0,20.496903503506434,44.3939393939394
3090,412770,50471,2015,28,29.785714285714285,0.42857142857142855,4127700.0,41.0,135538.0,11320892.0,20.658413138750756,44.54545454545455
3197,421130,50578,2015,16,33.1875,0.1875,4211306.0,42.0,77137.0,7001161.0,20.742315620260058,44.696969696969695
3429,431690,50810,2015,58,33.1896551724138,0.42105263157894735,4316907.0,43.0,278445.0,11322895.0,20.82996642065758,44.84848484848485
238,150730,47619,2015,26,37.307692307692314,0.9230769230769232,1507300.0,15.0,124806.0,8366628.0,20.832331778920885,45.0
3470,432120,50851,2015,12,35.833333333333336,0.16666666666666666,4321204.0,43.0,57544.0,11322895.0,20.853607674127627,45.151515151515156
256,150812,47637,2015,12,31.83333333333333,1.0,1508126.0,15.0,57525.0,8366628.0,20.860495436766623,45.3030303030303
970,250370,48351,2015,13,30.0,0.8461538461538461,2503704.0,25.0,62187.0,4025558.0,20.904690690980427,45.45454545454545
1290,270240,48671,2015,11,28.272727272727273,0.8181818181818182,2702405.0,27.0,52597.0,3375823.0,20.913740327395097,45.60606060606061
1730,293010,49111,2015,17,34.529411764705884,1.0,2930105.0,29.0,81218.0,15344447.0,20.93132064320717,45.75757575757576
86,130190,47467,2015,21,31.380952380952376,0.7619047619047619,1301902.0,13.0,99854.0,4063614.0,21.030704829050414,45.909090909090914
3027,412060,50408,2015,11,33.36363636363637,0.09090909090909093,4120606.0,41.0,52125.0,11320892.0,21.103117505995204,46.06060606060606
11,110012,47392,2015,28,36.5,0.625,1100122.0,11.0,132667.0,1805788.0,21.10547460936028,46.21212121212121
3454,431990,50835,2015,17,31.294117647058826,0.05882352941176471,4319901.0,43.0,80311.0,11322895.0,21.16771052533277,46.36363636363636
802,231340,48183,2015,16,32.0,0.9333333333333332,2313401.0,23.0,74719.0,9020460.0,21.413562815348172,46.515151515151516
1597,291760,48978,2015,12,37.16666666666666,0.8181818181818182,2917607.0,29.0,56033.0,15344447.0,21.415951314404012,46.666666666666664
3295,430510,50676,2015,104,33.41346153846154,0.20192307692307693,4305108.0,43.0,483377.0,11322895.0,21.5152975834597,46.81818181818182
2624,352720,50005,2015,19,30.210526315789476,0.3157894736842105,3527207.0,35.0,87980.0,45094866.0,21.595817231188907,46.96969696969697
2017,313670,49398,2015,123,29.105691056910572,0.6885245901639344,3136702.0,31.0,563769.0,21119536.0,21.817446507346094,47.12121212121212
1542,291170,48923,2015,19,32.78947368421053,0.8888888888888888,2911709.0,29.0,86808.0,15344447.0,21.88738365127638,47.27272727272727
1815,310730,49196,2015,11,33.09090909090909,0.9090909090909092,3107307.0,31.0,50168.0,21119536.0,21.92632753946739,47.42424242424242
1966,312980,49347,2015,39,29.128205128205128,0.8974358974358975,3129806.0,31.0,177475.0,21119536.0,21.97492604592196,47.57575757575758
3181,420910,50562,2015,127,32.71653543307087,0.2755905511811024,4209102.0,42.0,577077.0,7001161.0,22.007461742540425,47.72727272727273
2291,320120,49672,2015,47,34.170212765957444,0.5581395348837209,3201209.0,32.0,211649.0,4016356.0,22.20657787185387,47.878787878787875
394,210232,47775,2015,16,33.625,0.8571428571428571,2102325.0,21.0,71979.0,7000229.0,22.228705594687337,48.03030303030303
2929,410980,50310,2015,12,30.41666666666667,0.08333333333333333,4109807.0,41.0,53356.0,11320892.0,22.490441562336006,48.18181818181818
2913,410840,50294,2015,20,29.4,0.15,4108403.0,41.0,88465.0,11320892.0,22.60781099870005,48.333333333333336
233,150680,47614,2015,67,30.52238805970149,0.9253731343283582,1506807.0,15.0,296302.0,8366628.0,22.612064717754183,48.484848484848484
1993,313380,49374,2015,21,28.285714285714285,0.6190476190476191,3133808.0,31.0,92696.0,21119536.0,22.654699231897816,48.63636363636364
3099,412820,50480,2015,13,40.46153846153846,0.15384615384615385,4128203.0,41.0,57027.0,11320892.0,22.796219334701103,48.78787878787879
3418,431560,50799,2015,48,30.41666666666667,0.3958333333333333,4315602.0,43.0,209378.0,11322895.0,22.92504465607657,48.93939393939394
1793,310350,49174,2015,27,31.37037037037037,0.3703703703703704,3103504.0,31.0,117445.0,21119536.0,22.989484439524883,49.09090909090909
535,211270,47916,2015,13,36.153846153846146,0.7692307692307693,2112704.0,21.0,56511.0,7000229.0,23.004370830457788,49.24242424242424
3328,430790,50709,2015,16,31.0,0.125,4307906.0,43.0,69542.0,11322895.0,23.00767881280377,49.3939393939394
658,230110,48039,2015,17,30.0,1.0,2301109.0,23.0,73629.0,9020460.0,23.088728625949013,49.54545454545455
3282,430390,50663,2015,15,28.466666666666665,0.06666666666666668,4303905.0,43.0,64914.0,11322895.0,23.107496071725667,49.696969696969695
3319,430700,50700,2015,24,34.291666666666664,0.16666666666666666,4307005.0,43.0,103437.0,11322895.0,23.202529075669247,49.848484848484844
2046,314000,49427,2015,14,30.357142857142854,0.7142857142857143,3140001.0,31.0,59857.0,21119536.0,23.389077300900478,50.0
3374,431240,50755,2015,15,36.333333333333336,0.14285714285714285,4312401.0,43.0,63868.0,11322895.0,23.48593975073589,50.15151515151515
2387,330270,49768,2015,36,32.44444444444444,0.5277777777777778,3302700.0,33.0,153008.0,16718956.0,23.528181532991738,50.303030303030305
729,230640,48110,2015,30,31.8,0.8888888888888888,2306405.0,23.0,127465.0,9020460.0,23.535872592476366,50.45454545454545
3842,530010,51223,2015,718,30.644846796657387,0.8154929577464789,5300108.0,53.0,3039444.0,3039444.0,23.62274152772678,50.60606060606061
2349,320530,49730,2015,86,29.09302325581395,0.9176470588235294,3205309.0,32.0,363140.0,4016356.0,23.68232637550256,50.75757575757576
581,220390,47962,2015,14,36.785714285714285,0.9285714285714286,2203909.0,22.0,58969.0,3219257.0,23.741287795282265,50.90909090909091
1811,310620,49192,2015,600,30.156666666666666,0.7738693467336684,3106200.0,31.0,2523794.0,21119536.0,23.773731136534916,51.06060606060606
993,250630,48374,2015,14,30.357142857142854,1.0,2506301.0,25.0,58881.0,4025558.0,23.776770095616584,51.21212121212121
2872,410480,50253,2015,76,28.697368421052627,0.11842105263157895,4104808.0,41.0,319608.0,11320892.0,23.779129433556108,51.36363636363637
3008,411840,50389,2015,21,32.285714285714285,0.4761904761904762,4118402.0,41.0,87850.0,11320892.0,23.904382470119522,51.515151515151516
150,150170,47531,2015,30,31.2,1.0,1501709.0,15.0,124184.0,8366628.0,24.1577014752303,51.66666666666667
383,210140,47764,2015,23,27.39130434782609,0.7826086956521741,2101400.0,21.0,94779.0,7000229.0,24.266978972135178,51.81818181818182
2770,355070,50151,2015,21,33.8095238095238,0.65,3550704.0,35.0,85538.0,45094866.0,24.550492178914634,51.96969696969697
1976,313170,49357,2015,30,28.266666666666666,0.9,3131703.0,31.0,119285.0,21119536.0,25.149851196713755,52.121212121212125
3396,431410,50777,2015,50,31.88,0.12,4314100.0,43.0,198799.0,11322895.0,25.15103194684078,52.27272727272727
160,150220,47541,2015,17,30.470588235294123,1.0,1502202.0,15.0,67150.0,8366628.0,25.31645569620253,52.42424242424243
232,150670,47613,2015,18,34.44444444444444,0.5882352941176471,1506708.0,15.0,70764.0,8366628.0,25.436662709852467,52.57575757575758
3075,412625,50456,2015,24,31.91666666666667,0.5833333333333334,4126256.0,41.0,94181.0,11320892.0,25.482846858708232,52.72727272727272
3524,500370,50905,2015,56,27.625,0.4107142857142857,5003702.0,50.0,218069.0,2713147.0,25.679945338402067,52.87878787878788
180,150345,47561,2015,16,34.375,0.9375,1503457.0,15.0,62237.0,8366628.0,25.708180021530602,53.03030303030303
2892,410690,50273,2015,494,30.53238866396761,0.1457905544147844,4106902.0,41.0,1908359.0,11320892.0,25.88611471950508,53.18181818181819
2516,351280,49897,2015,18,37.388888888888886,0.5,3512803.0,35.0,69086.0,45094866.0,26.05448281851605,53.333333333333336
1907,312090,49288,2015,21,32.0,0.9,3120904.0,31.0,79878.0,21119536.0,26.290092390896117,53.48484848484848
1245,261450,48626,2015,17,33.0,0.7058823529411765,2614501.0,26.0,64373.0,9473266.0,26.408587451260622,53.63636363636364
2268,317130,49649,2015,21,28.952380952380953,0.45,3171303.0,31.0,78381.0,21119536.0,26.7922072951353,53.78787878787878
1240,261390,48621,2015,23,36.04347826086956,1.0,2613909.0,26.0,85568.0,9473266.0,26.8792071802543,53.939393939393945
3,110004,47384,2015,24,30.375,0.625,1100049.0,11.0,88507.0,1805788.0,27.11649925994554,54.090909090909086
803,231350,48184,2015,15,28.6,0.8333333333333334,2313500.0,23.0,55207.0,9020460.0,27.17046751317768,54.24242424242425
3519,500320,50900,2015,30,35.53333333333333,0.8333333333333334,5003207.0,50.0,109899.0,2713147.0,27.297791608658862,54.39393939393939
427,210480,47808,2015,19,31.0,0.9473684210526316,2104800.0,21.0,69232.0,7000229.0,27.44395655188352,54.54545454545454
2241,316860,49622,2015,39,35.128205128205124,0.9743589743589745,3168606.0,31.0,141934.0,21119536.0,27.47755999267265,54.6969696969697
171,150293,47552,2015,16,29.5,1.0,1502939.0,15.0,58071.0,8366628.0,27.552478862082626,54.848484848484844
3363,431140,50744,2015,22,34.0,0.09090909090909093,4311403.0,43.0,79819.0,11322895.0,27.562359839136047,55.00000000000001
3229,421620,50610,2015,14,31.642857142857146,0.21428571428571427,4216206.0,42.0,50701.0,7001161.0,27.61286759629988,55.15151515151515
3339,430920,50720,2015,76,33.0,0.21052631578947367,4309209.0,43.0,275146.0,11322895.0,27.62169902524478,55.3030303030303
1197,260990,48578,2015,19,32.526315789473685,0.8947368421052632,2609907.0,26.0,68776.0,9473266.0,27.625916017215307,55.45454545454545
2924,410940,50305,2015,50,31.06,0.16,4109401.0,41.0,180364.0,11320892.0,27.721718302987295,55.6060606060606
334,171610,47715,2015,14,23.857142857142854,0.9166666666666666,1716109.0,17.0,50360.0,1550194.0,27.79984114376489,55.757575757575765
1279,270140,48660,2015,16,31.0625,1.0,2701407.0,27.0,57548.0,3375823.0,27.802877597831376,55.90909090909091
364,210005,47745,2015,31,34.87096774193548,0.8709677419354839,2100055.0,21.0,111339.0,7000229.0,27.842894223946683,56.060606060606055
406,210320,47787,2015,22,34.22727272727273,0.9090909090909092,2103208.0,21.0,78965.0,7000229.0,27.86044450072817,56.21212121212121
147,150150,47528,2015,17,36.0,1.0,1501501.0,15.0,60990.0,8366628.0,27.873421872438104,56.36363636363636
3148,420460,50529,2015,59,33.57627118644068,0.2542372881355932,4204608.0,42.0,211369.0,7001161.0,27.913270157875562,56.515151515151516
649,230030,48030,2015,15,32.266666666666666,0.9333333333333332,2300309.0,23.0,53572.0,9020460.0,27.999701336519077,56.666666666666664
2251,316990,49632,2015,32,27.78125,0.6451612903225806,3169901.0,31.0,113300.0,21119536.0,28.243601059135038,56.81818181818182
693,230420,48074,2015,37,29.783783783783782,0.9189189189189191,2304202.0,23.0,130604.0,9020460.0,28.329913325778687,56.96969696969697
678,230280,48059,2015,22,33.63636363636363,0.85,2302800.0,23.0,77514.0,9020460.0,28.38196970869778,57.12121212121212
1568,291470,48949,2015,19,35.26315789473684,0.9473684210526316,2914703.0,29.0,66806.0,15344447.0,28.440559231206777,57.27272727272727
3760,521190,51141,2015,28,35.67857142857143,0.7407407407407407,5211909.0,52.0,98128.0,6778772.0,28.534159465188324,57.42424242424242
10,110011,47391,2015,16,31.5625,0.875,1100114.0,11.0,55871.0,1805788.0,28.637396860625365,57.57575757575758
2376,330190,49757,2015,67,28.59701492537313,0.6716417910447762,3301900.0,33.0,232394.0,16718956.0,28.83034845994303,57.72727272727273
255,150810,47636,2015,32,35.65625,0.9375,1508100.0,15.0,110516.0,8366628.0,28.955083426834126,57.878787878787875
380,210120,47761,2015,30,27.6,0.7666666666666667,2101202.0,21.0,103359.0,7000229.0,29.025048616956433,58.03030303030303
3006,411820,50387,2015,45,31.044444444444448,0.2888888888888889,4118204.0,41.0,152975.0,11320892.0,29.416571335185488,58.18181818181818
3325,430770,50706,2015,25,31.96,0.18181818181818185,4307708.0,43.0,84237.0,11322895.0,29.678169925329726,58.333333333333336
2864,410430,50245,2015,28,32.285714285714285,0.35714285714285715,4104303.0,41.0,94153.0,11320892.0,29.73882935222457,58.484848484848484
2255,317040,49636,2015,25,34.28,0.88,3170404.0,31.0,83980.0,21119536.0,29.768992617289832,58.63636363636363
2417,330490,49798,2015,314,30.519108280254773,0.7243589743589743,3304904.0,33.0,1049826.0,16718956.0,29.9097183723779,58.78787878787879
3306,430610,50687,2015,19,32.368421052631575,0.16666666666666666,4306106.0,43.0,63463.0,11322895.0,29.938704441958304,58.93939393939394
2304,320240,49685,2015,37,31.27027027027027,0.8620689655172413,3202405.0,32.0,123166.0,4016356.0,30.04075800139649,59.09090909090909
3540,500570,50921,2015,16,35.0,0.3125,5005707.0,50.0,53188.0,2713147.0,30.08197337745356,59.24242424242424
3013,411915,50394,2015,39,28.84615384615385,0.1282051282051282,4119152.0,41.0,129445.0,11320892.0,30.128626057398893,59.3939393939394
273,160060,47654,2015,35,28.34285714285714,0.9411764705882352,1600600.0,16.0,115471.0,797722.0,30.310640766945816,59.54545454545455
2242,316870,49623,2015,27,30.037037037037038,0.7777777777777778,3168705.0,31.0,88931.0,21119536.0,30.360616657858337,59.696969696969695
1927,312410,49308,2015,21,28.23809523809524,0.6842105263157895,3124104.0,31.0,69010.0,21119536.0,30.43037240979568,59.84848484848485
3401,431440,50782,2015,105,29.93333333333333,0.3047619047619048,4314407.0,43.0,344385.0,11322895.0,30.489132801951307,60.0
783,231140,48164,2015,24,33.041666666666664,0.8181818181818182,2311405.0,23.0,78658.0,9020460.0,30.511836049734296,60.151515151515156
2090,314520,49471,2015,29,26.96551724137931,0.7931034482758621,3145208.0,31.0,94681.0,21119536.0,30.6291653024366,60.303030303030305
2383,330240,49764,2015,75,30.29333333333333,0.7733333333333333,3302403.0,33.0,244139.0,16718956.0,30.720204473680976,60.45454545454545
968,250320,48349,2015,21,37.333333333333336,1.0,2503209.0,25.0,68033.0,4025558.0,30.867373186541826,60.60606060606061
536,211280,47917,2015,16,36.5625,0.8125,2112803.0,21.0,51738.0,7000229.0,30.925045421160466,60.75757575757576
685,230350,48066,2015,22,29.5,0.875,2303501.0,23.0,71079.0,9020460.0,30.951476526118824,60.909090909090914
801,231330,48182,2015,18,29.33333333333333,0.7647058823529411,2313302.0,23.0,58119.0,9020460.0,30.970938935632066,61.06060606060606
90,130250,47471,2015,30,28.66666666666667,1.0,1302504.0,13.0,96460.0,4063614.0,31.100974497200912,61.212121212121204
718,230540,48099,2015,21,32.285714285714285,0.9473684210526316,2305407.0,23.0,67486.0,9020460.0,31.117565124618437,61.36363636363637
185,150380,47566,2015,18,38.77777777777778,0.9444444444444444,1503804.0,15.0,57526.0,8366628.0,31.29019921426833,61.51515151515151
109,130406,47490,2015,20,35.1,0.6,1304062.0,13.0,63635.0,4063614.0,31.42924491239098,61.66666666666667
2408,330420,49789,2015,40,37.425,0.6,3304201.0,33.0,126923.0,16718956.0,31.515170615254917,61.81818181818181
56,120040,47437,2015,121,32.68595041322314,0.8655462184873951,1200401.0,12.0,383443.0,829619.0,31.556189577068825,61.969696969696976
2807,355540,50188,2015,28,35.214285714285715,0.4642857142857143,3555406.0,35.0,88313.0,45094866.0,31.705411434330166,62.121212121212125
3131,420320,50512,2015,25,32.52,0.16,4203204.0,42.0,78731.0,7001161.0,31.75369295449061,62.272727272727266
1563,291400,48944,2015,20,29.15,1.0,2914000.0,29.0,62631.0,15344447.0,31.933068288866533,62.42424242424243
1205,261070,48586,2015,105,28.352380952380948,0.8252427184466019,2610707.0,26.0,328353.0,9473266.0,31.977780011146542,62.57575757575757
1253,261530,48634,2015,17,33.588235294117645,0.8823529411764706,2615300.0,26.0,53083.0,9473266.0,32.02531884030669,62.727272727272734
358,172100,47739,2015,93,29.60215053763441,0.6704545454545454,1721000.0,17.0,286787.0,1550194.0,32.42824814234955,62.878787878787875
2372,330170,49753,2015,289,29.529411764705888,0.7750865051903114,3301702.0,33.0,890997.0,16718956.0,32.43557497948927,63.030303030303024
2284,320060,49665,2015,32,28.25,0.9655172413793104,3200607.0,32.0,98393.0,4016356.0,32.52263880560609,63.18181818181819
3732,520860,51113,2015,22,33.04545454545455,0.6363636363636364,5208608.0,52.0,67507.0,6778772.0,32.589212970506765,63.33333333333333
221,150613,47602,2015,27,28.407407407407412,0.8888888888888888,1506138.0,15.0,82464.0,8366628.0,32.741559953434226,63.48484848484849
3555,500790,50936,2015,18,32.27777777777778,0.7222222222222222,5007901.0,50.0,54575.0,2713147.0,32.982134677049935,63.63636363636363
1080,251620,48461,2015,23,33.0,0.9130434782608696,2516201.0,25.0,69554.0,4025558.0,33.067832187940304,63.787878787878796
1220,261220,48601,2015,20,31.8,0.9,2612208.0,26.0,60453.0,9473266.0,33.083552511868724,63.93939393939394
719,230550,48100,2015,34,30.44117647058824,0.8529411764705882,2305506.0,23.0,102614.0,9020460.0,33.13388036720136,64.0909090909091
3809,521880,51190,2015,72,28.16666666666667,0.6338028169014085,5218805.0,52.0,217048.0,6778772.0,33.17238583170543,64.24242424242425
2647,353180,50028,2015,19,29.315789473684212,0.42105263157894735,3531803.0,35.0,57240.0,45094866.0,33.193570929419984,64.39393939393939
540,211400,47921,2015,17,31.764705882352942,0.8823529411764706,2114007.0,21.0,51084.0,7000229.0,33.27852165061468,64.54545454545455
674,230240,48055,2015,18,33.833333333333336,0.9444444444444444,2302404.0,23.0,54049.0,9020460.0,33.303113841144146,64.6969696969697
1101,260110,48482,2015,28,34.32142857142857,0.9642857142857144,2601102.0,26.0,83757.0,9473266.0,33.43004166815908,64.84848484848484
1534,291080,48915,2015,211,27.018957345971565,0.9708737864077671,2910800.0,29.0,627477.0,15344447.0,33.62673054151786,65.0
2156,315460,49537,2015,111,29.8018018018018,0.8348623853211009,3154606.0,31.0,328871.0,21119536.0,33.751835826205415,65.15151515151516
2345,320510,49726,2015,26,27.461538461538463,0.8260869565217391,3205101.0,32.0,76776.0,4016356.0,33.864749400854436,65.30303030303031
2359,330045,49740,2015,168,28.19642857142857,0.8333333333333334,3300456.0,33.0,495783.0,16718956.0,33.8857927762751,65.45454545454545
161,150230,47542,2015,18,35.77777777777778,1.0,1502301.0,15.0,52839.0,8366628.0,34.065746891500595,65.6060606060606
3705,520510,51086,2015,35,31.02857142857143,0.5714285714285714,5205109.0,52.0,102393.0,6778772.0,34.18202416180794,65.75757575757576
77,130120,47458,2015,29,30.79310344827586,0.9655172413793104,1301209.0,13.0,84762.0,4063614.0,34.21344470399471,65.9090909090909
1750,293190,49131,2015,18,30.66666666666667,1.0,2931905.0,29.0,52540.0,15344447.0,34.25961172440046,66.06060606060606
2419,330510,49800,2015,158,29.056962025316448,0.7834394904458599,3305109.0,33.0,460461.0,16718956.0,34.3134380544715,66.21212121212122
813,240020,48194,2015,20,29.1,0.9444444444444444,2400208.0,24.0,58183.0,3507003.0,34.374301771995256,66.36363636363637
2374,330185,49755,2015,20,33.9,0.6,3301850.0,33.0,57921.0,16718956.0,34.529790576820155,66.51515151515152
1153,260600,48534,2015,48,32.020833333333336,0.8723404255319149,2606002.0,26.0,138642.0,9473266.0,34.621543255290604,66.66666666666666
1263,261640,48644,2015,48,27.02083333333333,0.9791666666666666,2616407.0,26.0,137578.0,9473266.0,34.8892991612031,66.81818181818183
692,230410,48073,2015,26,31.615384615384613,0.92,2304103.0,23.0,74426.0,9020460.0,34.93402843092468,66.96969696969697
403,210300,47784,2015,57,32.719298245614034,0.8679245283018868,2103000.0,21.0,162657.0,7000229.0,35.04306608384515,67.12121212121212
667,230190,48048,2015,21,32.666666666666664,0.9,2301901.0,23.0,59811.0,9020460.0,35.11059838491247,67.27272727272727
1215,261160,48596,2015,575,28.61913043478261,0.8688811188811189,2611606.0,26.0,1633697.0,9473266.0,35.19624508094218,67.42424242424242
1209,261110,48590,2015,121,31.685950413223143,0.9421487603305784,2611101.0,26.0,343219.0,9473266.0,35.25445852356659,67.57575757575758
1102,260120,48483,2015,26,35.846153846153854,0.9615384615384616,2601201.0,26.0,73667.0,9473266.0,35.29395794589165,67.72727272727272
3638,510704,51019,2015,21,33.04761904761905,0.8,5107040.0,51.0,59293.0,3344544.0,35.41733425530839,67.87878787878789
385,210160,47766,2015,31,34.29032258064516,0.9032258064516128,2101608.0,21.0,87135.0,7000229.0,35.576978252137486,68.03030303030303
3455,432000,50836,2015,50,33.0,0.18,4320008.0,43.0,139476.0,11322895.0,35.8484613840374,68.18181818181817
1380,280210,48761,2015,25,29.2,0.92,2802106.0,28.0,69278.0,2288116.0,36.08649210427553,68.33333333333333
2862,410420,50243,2015,46,28.67391304347826,0.18181818181818185,4104204.0,41.0,127309.0,11320892.0,36.13255936343856,68.48484848484848
2365,330100,49746,2015,178,31.15730337078652,0.6149425287356322,3301009.0,33.0,490288.0,16718956.0,36.305192050386715,68.63636363636364
2177,315780,49558,2015,81,26.876543209876548,0.8641975308641975,3157807.0,31.0,218897.0,21119536.0,37.00370493885252,68.78787878787878
2348,320520,49729,2015,180,27.305555555555557,0.8727272727272727,3205200.0,32.0,486388.0,4016356.0,37.00749196115036,68.93939393939394
2129,315120,49510,2015,21,31.190476190476193,0.9523809523809524,3151206.0,31.0,56706.0,21119536.0,37.03311818855148,69.0909090909091
2420,330520,49801,2015,37,29.243243243243235,0.7027027027027027,3305208.0,33.0,99906.0,16718956.0,37.03481272396053,69.24242424242424
269,160030,47650,2015,176,28.6875,0.9585798816568049,1600303.0,16.0,474706.0,797722.0,37.07557941125665,69.39393939393939
1125,260345,48506,2015,58,27.03448275862069,0.8596491228070176,2603454.0,26.0,156361.0,9473266.0,37.09364867198342,69.54545454545455
2234,316720,49615,2015,88,31.056818181818183,0.8720930232558141,3167202.0,31.0,236228.0,21119536.0,37.25214623160675,69.6969696969697
2325,320390,49706,2015,19,30.78947368421053,0.8888888888888888,3203908.0,32.0,50991.0,4016356.0,37.26147751564002,69.84848484848484
153,150178,47534,2015,24,29.375,0.7826086956521741,1501782.0,15.0,64194.0,8366628.0,37.38667165155622,70.0
2167,315670,49548,2015,51,29.882352941176467,0.96,3156700.0,31.0,135968.0,21119536.0,37.50882560602495,70.15151515151516
672,230220,48053,2015,20,32.65,1.0,2302206.0,23.0,53110.0,9020460.0,37.65769158350593,70.3030303030303
2385,330250,49766,2015,90,28.58888888888889,0.7777777777777778,3302502.0,33.0,237420.0,16718956.0,37.90750568612585,70.53030303030303
2424,330555,49805,2015,32,35.5,0.5806451612903226,3305554.0,33.0,84416.0,16718956.0,37.90750568612585,70.53030303030303
3716,520620,51097,2015,21,33.8095238095238,0.9523809523809524,5206206.0,52.0,55347.0,6778772.0,37.94243590438506,70.75757575757575
2389,330285,49770,2015,65,29.907692307692308,0.8,3302858.0,33.0,171280.0,16718956.0,37.94955628211116,70.9090909090909
3385,431340,50766,2015,95,31.77894736842105,0.08421052631578947,4313409.0,43.0,249508.0,11322895.0,38.07493146512336,71.06060606060606
527,211220,47908,2015,64,31.4375,0.8727272727272727,2112209.0,21.0,167619.0,7000229.0,38.181829028928696,71.21212121212122
728,230630,48109,2015,20,29.3,1.0,2306306.0,23.0,51945.0,9020460.0,38.502262007892966,71.36363636363636
1559,291360,48940,2015,68,31.294117647058826,0.9705882352941176,2913606.0,29.0,176341.0,15344447.0,38.56165043863878,71.51515151515152
2911,410830,50292,2015,102,28.83333333333333,0.2277227722772277,4108304.0,41.0,264044.0,11320892.0,38.62992531547773,71.66666666666667
16,110020,47397,2015,201,32.50746268656717,0.803030303030303,1100205.0,11.0,519436.0,1805788.0,38.69581623145104,71.81818181818181
3654,510790,51035,2015,53,27.245283018867926,0.7924528301886793,5107909.0,51.0,135874.0,3344544.0,39.006726820436576,71.96969696969697
1955,312770,49336,2015,110,29.52727272727273,0.9,3127701.0,31.0,280901.0,21119536.0,39.15970395263812,72.12121212121212
1187,260890,48568,2015,22,28.63636363636364,0.8636363636363636,2608909.0,26.0,56140.0,9473266.0,39.18774492340577,72.27272727272728
1107,260170,48488,2015,30,34.13333333333333,0.8666666666666667,2601706.0,26.0,75986.0,9473266.0,39.48095701839813,72.42424242424242
744,230770,48125,2015,50,29.44,1.0,2307700.0,23.0,126486.0,9020460.0,39.5300665686321,72.57575757575758
1891,311860,49272,2015,261,28.448275862068964,0.7346153846153847,3118601.0,31.0,658580.0,21119536.0,39.63072064137994,72.72727272727273
972,250400,48353,2015,163,29.509202453987733,0.9263803680981596,2504009.0,25.0,410332.0,4025558.0,39.723930865737984,72.87878787878788
2392,330320,49773,2015,63,30.920634920634924,0.7258064516129032,3303203.0,33.0,158329.0,16718956.0,39.79056268908412,73.03030303030303
2395,330350,49776,2015,318,28.896226415094336,0.7704402515723271,3303500.0,33.0,798647.0,16718956.0,39.81734107809834,73.18181818181819
3677,520110,51058,2015,150,30.44,0.6644295302013423,5201108.0,52.0,375142.0,6778772.0,39.984859066700075,73.33333333333333
3291,430470,50672,2015,25,34.28,0.28,4304705.0,43.0,62339.0,11322895.0,40.10330611655625,73.48484848484848
641,221100,48022,2015,342,27.690058479532162,0.9260450160771704,2211001.0,22.0,850198.0,3219257.0,40.22592384362231,73.63636363636363
1089,260005,48470,2015,40,26.625,0.8717948717948718,2600054.0,26.0,99364.0,9473266.0,40.25602834024395,73.7878787878788
1392,280350,48773,2015,42,32.333333333333336,0.8571428571428571,2803500.0,28.0,104099.0,2288116.0,40.34620889729968,73.93939393939394
1596,291750,48977,2015,34,26.588235294117645,0.935483870967742,2917508.0,29.0,83635.0,15344447.0,40.65283673103366,74.0909090909091
2501,351050,49882,2015,48,29.52083333333333,0.5434782608695652,3510500.0,35.0,116786.0,45094866.0,41.10081687873547,74.24242424242425
1195,260960,48576,2015,161,27.714285714285715,0.93125,2609600.0,26.0,390771.0,9473266.0,41.20060086342129,74.39393939393939
3067,412550,50448,2015,127,31.354330708661422,0.16666666666666666,4125506.0,41.0,307530.0,11320892.0,41.29678405358827,74.54545454545455
1172,260790,48553,2015,290,27.16896551724138,0.8606271777003485,2607901.0,26.0,695956.0,9473266.0,41.66930093281759,74.69696969696969
2411,330452,49792,2015,59,28.677966101694924,0.6101694915254238,3304524.0,33.0,141117.0,16718956.0,41.809278825371855,74.84848484848486
412,210360,47793,2015,27,31.296296296296298,0.92,2103604.0,21.0,64403.0,7000229.0,41.92351287983479,75.0
2316,320320,49697,2015,71,28.74647887323944,0.943661971830986,3203205.0,32.0,169048.0,4016356.0,41.99990535232597,75.15151515151514
204,150506,47585,2015,31,38.2258064516129,0.935483870967742,1505064.0,15.0,73802.0,8366628.0,42.00428172678247,75.30303030303031
3745,521000,51126,2015,22,36.0,0.8181818181818182,5210000.0,52.0,52311.0,6778772.0,42.05616409550573,75.45454545454545
258,150820,47639,2015,22,28.90909090909091,0.9523809523809524,1508209.0,15.0,52216.0,8366628.0,42.13267963842501,75.60606060606061
2836,410180,50217,2015,58,30.17241379310345,0.17857142857142858,4101804.0,41.0,137452.0,11320892.0,42.19654861333411,75.75757575757575
2267,317120,49648,2015,52,26.173076923076927,0.8076923076923077,3171204.0,31.0,122365.0,21119536.0,42.49581171086504,75.9090909090909
1231,261300,48612,2015,25,31.08,0.92,2613008.0,26.0,58824.0,9473266.0,42.49966000271998,76.06060606060606
130,150020,47511,2015,23,34.08695652173913,1.0,1500206.0,15.0,54096.0,8366628.0,42.51700680272109,76.2121212121212
738,230730,48119,2015,115,29.008695652173916,0.9,2307304.0,23.0,270383.0,9020460.0,42.53225979443974,76.36363636363637
248,150795,47629,2015,44,29.90909090909091,0.9772727272727272,1507953.0,15.0,103321.0,8366628.0,42.58572797398399,76.51515151515152
3277,430310,50658,2015,55,31.745454545454546,0.0925925925925926,4303103.0,43.0,127318.0,11322895.0,43.198919241584065,76.66666666666667
3591,510340,50972,2015,255,31.294117647058826,0.8790322580645161,5103403.0,51.0,590118.0,3344544.0,43.2116966437221,76.81818181818181
1744,293135,49125,2015,70,28.62857142857143,0.8805970149253731,2931350.0,29.0,161690.0,15344447.0,43.292720638258395,76.96969696969697
1207,261090,48588,2015,29,35.06896551724138,0.9655172413793104,2610905.0,26.0,66881.0,9473266.0,43.36059568487313,77.12121212121212
2881,410580,50262,2015,103,30.174757281553397,0.10784313725490197,4105805.0,41.0,237402.0,11320892.0,43.38632361985157,77.27272727272727
1898,311940,49279,2015,48,31.29166666666667,0.75,3119401.0,31.0,110326.0,21119536.0,43.507423454126865,77.42424242424242
243,150760,47624,2015,25,25.44,0.92,1507607.0,15.0,57364.0,8366628.0,43.58134021337424,77.57575757575758
1692,292660,49073,2015,24,31.375,0.9565217391304348,2926608.0,29.0,54965.0,15344447.0,43.66414991358137,77.72727272727272
1585,291640,48966,2015,34,27.588235294117645,0.9705882352941176,2916401.0,29.0,77533.0,15344447.0,43.85229515174184,77.87878787878788
3287,430460,50668,2015,153,33.803921568627445,0.1554054054054054,4304606.0,43.0,343853.0,11322895.0,44.495758361858115,78.03030303030303
1710,292870,49091,2015,46,30.89130434782609,0.9555555555555556,2928703.0,29.0,103342.0,15344447.0,44.5123957345513,78.18181818181819
145,150130,47526,2015,54,30.537037037037038,0.9615384615384616,1501303.0,15.0,121190.0,8366628.0,44.55813185906428,78.33333333333333
3697,520450,51078,2015,38,33.07894736842105,0.6578947368421053,5204508.0,52.0,84900.0,6778772.0,44.7585394581861,78.48484848484848
3409,431490,50790,2015,671,30.147540983606557,0.3167420814479638,4314902.0,43.0,1484941.0,11322895.0,45.18698049282766,78.63636363636364
3340,430930,50721,2015,45,27.08888888888889,0.2558139534883721,4309308.0,43.0,99334.0,11322895.0,45.301709384500775,78.78787878787878
1155,260620,48536,2015,36,29.13888888888889,0.8823529411764706,2606200.0,26.0,79249.0,9473266.0,45.42644071218564,78.93939393939394
3648,510760,51029,2015,101,32.148514851485146,0.79,5107602.0,51.0,222316.0,3344544.0,45.430828190503604,79.0909090909091
2396,330360,49777,2015,23,31.608695652173914,0.6956521739130435,3303609.0,33.0,50447.0,16718956.0,45.59240390905307,79.24242424242425
3733,520870,51114,2015,671,29.45007451564829,0.7526881720430108,5208707.0,52.0,1466105.0,6778772.0,45.76752688245385,79.39393939393939
1238,261370,48619,2015,52,30.461538461538463,0.8653846153846154,2613701.0,26.0,112099.0,9473266.0,46.38756813174069,79.54545454545455
2,110002,47383,2015,50,29.72,0.84,1100023.0,11.0,107345.0,1805788.0,46.57878801993572,79.6969696969697
1698,292740,49079,2015,1381,28.20347574221579,0.9307580174927114,2927408.0,29.0,2953986.0,15344447.0,46.75039082785091,79.84848484848484
2361,330070,49742,2015,101,26.623762376237625,0.7326732673267327,3300704.0,33.0,216030.0,16718956.0,46.7527658195621,80.0
3757,521150,51138,2015,48,31.39583333333333,0.4893617021276596,5211503.0,52.0,102513.0,6778772.0,46.823329724035,80.15151515151516
1769,293330,49150,2015,164,26.371951219512194,0.9620253164556962,2933307.0,29.0,348718.0,15344447.0,47.029404848616934,80.3030303030303
343,171820,47724,2015,25,27.84,0.8095238095238095,1718204.0,17.0,52828.0,1550194.0,47.323389111834636,80.45454545454545
477,210860,47858,2015,39,32.53846153846154,0.9705882352941176,2108603.0,21.0,82374.0,7000229.0,47.34503605506592,80.60606060606061
128,150010,47509,2015,73,31.410958904109588,0.9589041095890408,1500107.0,15.0,153380.0,8366628.0,47.59421045768679,80.75757575757576
1157,260640,48538,2015,40,31.05,0.9487179487179488,2606408.0,26.0,83241.0,9473266.0,48.05324299323651,80.9090909090909
3655,510792,51036,2015,41,30.36585365853659,0.7560975609756098,5107925.0,51.0,85223.0,3344544.0,48.10907853513723,81.06060606060606
211,150550,47592,2015,53,33.33962264150944,0.9230769230769232,1505502.0,15.0,110026.0,8366628.0,48.170432443240685,81.21212121212122
2351,330010,49732,2015,94,28.414893617021278,0.5212765957446809,3300100.0,33.0,194619.0,16718956.0,48.29949799351553,81.36363636363636
883,240810,48264,2015,433,26.42956120092379,0.9675,2408102.0,24.0,885180.0,3507003.0,48.91660453241148,81.51515151515152
1813,310670,49194,2015,209,29.550239234449762,0.7799043062200957,3106705.0,31.0,427146.0,21119536.0,48.929405870592255,81.66666666666667
3446,431870,50827,2015,113,31.42477876106195,0.12844036697247707,4318705.0,43.0,230914.0,11322895.0,48.93596750305308,81.81818181818183
2339,320490,49720,2015,63,26.619047619047624,0.9516129032258064,3204906.0,32.0,128449.0,4016356.0,49.046703360866964,81.96969696969697
657,230100,48038,2015,39,27.743589743589745,0.9047619047619048,2301000.0,23.0,79128.0,9020460.0,49.28723081589324,82.12121212121211
2105,314700,49486,2015,46,29.217391304347824,0.7608695652173914,3147006.0,31.0,92386.0,21119536.0,49.79109388868443,82.27272727272728
3563,510025,50944,2015,25,30.88,0.76,5100250.0,51.0,50189.0,3344544.0,49.81171172966188,82.42424242424242
1193,260940,48574,2015,31,29.193548387096772,0.8275862068965517,2609402.0,26.0,62119.0,9473266.0,49.90421610135385,82.57575757575758
3672,520025,51053,2015,98,29.918367346938773,0.9175257731958762,5200258.0,52.0,195810.0,6778772.0,50.048516418977584,82.72727272727273
1225,261250,48606,2015,53,28.67924528301887,0.8867924528301887,2612505.0,26.0,105761.0,9473266.0,50.112990610905726,82.87878787878788
2292,320130,49673,2015,195,28.41025641025641,0.888268156424581,3201308.0,32.0,387368.0,4016356.0,50.33972863013982,83.03030303030303
1131,260400,48512,2015,42,27.880952380952376,0.9761904761904762,2604007.0,26.0,82685.0,9473266.0,50.79518655136966,83.18181818181817
1522,290980,48903,2015,33,29.181818181818183,0.9696969696969696,2909802.0,29.0,64932.0,15344447.0,50.82239881722417,83.33333333333334
3837,522185,51218,2015,82,25.036585365853657,0.9634146341463414,5221858.0,52.0,159500.0,6778772.0,51.410658307210035,83.48484848484848
839,240325,48220,2015,131,28.54198473282443,0.9743589743589745,2403251.0,24.0,254709.0,3507003.0,51.43124114185208,83.63636363636363
1709,292860,49090,2015,32,28.65625,0.96875,2928604.0,29.0,61961.0,15344447.0,51.645389841997385,83.78787878787878
1204,261060,48585,2015,29,26.20689655172414,0.8571428571428571,2610608.0,26.0,55942.0,9473266.0,51.839405098137355,83.93939393939394
432,210530,47813,2015,132,30.65151515151515,0.8939393939393939,2105302.0,21.0,254569.0,7000229.0,51.85234651509021,84.0909090909091
92,130260,47473,2015,1106,29.55153707052441,0.9490909090909092,1302603.0,13.0,2130264.0,4063614.0,51.91844766658029,84.24242424242424
1161,260680,48542,2015,60,30.98333333333333,0.912280701754386,2606804.0,26.0,115398.0,9473266.0,51.99396869963084,84.3939393939394
1531,291072,48912,2015,60,27.98333333333333,0.8813559322033898,2910727.0,29.0,115290.0,15344447.0,52.042674993494664,84.54545454545455
1525,291005,48906,2015,42,24.642857142857146,0.9285714285714286,2910057.0,29.0,80657.0,15344447.0,52.07235577817176,84.69696969696969
2353,330020,49734,2015,66,29.939393939393934,0.6666666666666666,3300209.0,33.0,126742.0,16718956.0,52.07429265752474,84.84848484848484
3660,510840,51041,2015,143,31.671328671328673,0.8391608391608392,5108402.0,51.0,274013.0,3344544.0,52.187304981880416,85.0
20,110030,47401,2015,50,33.06,0.74,1100304.0,11.0,95630.0,1805788.0,52.28484785109275,85.15151515151516
1566,291460,48947,2015,39,27.71794871794872,0.7948717948717948,2914604.0,29.0,74483.0,15344447.0,52.36094142287502,85.3030303030303
1198,261000,48579,2015,33,33.09090909090909,0.9375,2610004.0,26.0,62832.0,9473266.0,52.52100840336134,85.45454545454545
797,231290,48178,2015,108,28.407407407407412,0.9537037037037036,2312908.0,23.0,205529.0,9020460.0,52.5473290873794,85.60606060606061
182,150360,47563,2015,52,35.307692307692314,0.9423076923076924,1503606.0,15.0,98523.0,8366628.0,52.77955401276859,85.75757575757575
1029,251080,48410,2015,57,30.070175438596486,0.8771929824561403,2510808.0,25.0,107790.0,4025558.0,52.8806011689396,85.9090909090909
1132,260410,48513,2015,190,29.315789473684212,0.925925925925926,2604106.0,26.0,356128.0,9473266.0,53.351603917692515,86.06060606060606
955,250180,48336,2015,52,29.461538461538463,0.9565217391304348,2501807.0,25.0,97010.0,4025558.0,53.60272136893104,86.2121212121212
1601,291800,48982,2015,87,28.597701149425287,0.8805970149253731,2918001.0,29.0,162209.0,15344447.0,53.634508566109155,86.36363636363636
313,170950,47694,2015,46,29.5,0.7441860465116279,1709500.0,17.0,85523.0,1550194.0,53.78670065362534,86.51515151515152
1569,291480,48950,2015,119,26.621848739495803,0.9579831932773109,2914802.0,29.0,221046.0,15344447.0,53.83494838178479,86.66666666666667
212,150553,47593,2015,109,30.073394495412845,0.908256880733945,1505536.0,15.0,202356.0,8366628.0,53.86546482436894,86.81818181818181
464,210750,47845,2015,66,30.0,0.9090909090909092,2107506.0,21.0,122420.0,7000229.0,53.91275935304689,86.96969696969697
2341,320500,49722,2015,271,27.059040590405907,0.9159999999999999,3205002.0,32.0,502618.0,4016356.0,53.91768699091556,87.12121212121212
183,150370,47564,2015,28,28.32142857142857,0.9642857142857144,1503705.0,15.0,51835.0,8366628.0,54.01755570560432,87.27272727272727
3085,412710,50466,2015,42,31.54761904761905,0.19047619047619047,4127106.0,41.0,77276.0,11320892.0,54.35063926704281,87.42424242424242
1663,292400,49044,2015,66,30.939393939393934,0.9545454545454546,2924009.0,29.0,120706.0,15344447.0,54.67830928040031,87.57575757575758
3546,500660,50927,2015,49,34.081632653061234,0.75,5006606.0,50.0,89592.0,2713147.0,54.69238324850433,87.72727272727273
2377,330200,49758,2015,67,28.77611940298507,0.6818181818181818,3302007.0,33.0,122369.0,16718956.0,54.7524291282923,87.87878787878788
1311,270430,48692,2015,564,27.48581560283688,0.9821746880570409,2704302.0,27.0,1029129.0,3375823.0,54.80362520150535,88.03030303030303
2406,330414,49787,2015,80,27.7125,0.775,3304144.0,33.0,145386.0,16718956.0,55.0259309699696,88.18181818181819
1071,251530,48452,2015,29,31.86206896551724,0.96,2515302.0,25.0,52697.0,4025558.0,55.03159572651194,88.33333333333333
1336,270670,48717,2015,36,25.63888888888889,0.9705882352941176,2706703.0,27.0,64497.0,3375823.0,55.81654960695846,88.48484848484848
1606,291840,48987,2015,124,30.548387096774192,0.9508196721311476,2918407.0,29.0,221773.0,15344447.0,55.91302818647897,88.63636363636364
687,230370,48068,2015,203,27.660098522167488,0.9456521739130436,2303709.0,23.0,362223.0,9020460.0,56.04282444792296,88.7878787878788
146,150140,47527,2015,817,29.02692778457772,0.955334987593052,1501402.0,15.0,1452275.0,8366628.0,56.25656297877468,88.93939393939394
3679,520140,51060,2015,305,27.068852459016394,0.8013245033112583,5201405.0,52.0,542090.0,6778772.0,56.26372004648675,89.0909090909091
882,240800,48263,2015,167,27.98802395209581,0.73125,2408003.0,24.0,295619.0,3507003.0,56.49163281115219,89.24242424242425
781,231130,48162,2015,49,33.97959183673469,0.9318181818181818,2311306.0,23.0,86605.0,9020460.0,56.57871947347151,89.39393939393939
2903,410765,50284,2015,54,29.574074074074073,0.07547169811320754,4107652.0,41.0,95225.0,11320892.0,56.70779732213179,89.54545454545455
251,150800,47632,2015,35,32.48571428571429,0.9696969696969696,1508001.0,15.0,61709.0,8366628.0,56.71782073927628,89.6969696969697
763,230970,48144,2015,47,27.510638297872337,0.9473684210526316,2309706.0,23.0,82824.0,9020460.0,56.74683666570076,89.84848484848484
1367,280030,48748,2015,370,29.14864864864865,0.9351351351351352,2800308.0,28.0,650106.0,2288116.0,56.91379559641043,90.0
1004,250750,48385,2015,464,28.32543103448276,0.9600938967136151,2507507.0,25.0,811598.0,4025558.0,57.17116109206774,90.15151515151516
178,150330,47559,2015,35,25.57142857142857,1.0,1503309.0,15.0,60994.0,8366628.0,57.38269337967669,90.30303030303031
282,170210,47663,2015,102,29.83333333333333,0.8613861386138614,1702109.0,17.0,175960.0,1550194.0,57.96771993634917,90.45454545454545
228,150650,47609,2015,40,29.7,0.9743589743589745,1506500.0,15.0,68836.0,8366628.0,58.10912894415713,90.6060606060606
3729,520800,51110,2015,68,27.308823529411764,0.7941176470588235,5208004.0,52.0,115789.0,6778772.0,58.727512976189445,90.75757575757576
1268,270030,48649,2015,138,29.21014492753623,0.9699248120300752,2700300.0,27.0,234185.0,3375823.0,58.927770779511924,90.9090909090909
2821,410040,50202,2015,68,32.39705882352941,0.19696969696969696,4100400.0,41.0,115364.0,11320892.0,58.9438646371485,91.06060606060606
1330,270630,48711,2015,44,27.613636363636363,0.9534883720930232,2706307.0,27.0,74208.0,3375823.0,59.29279862009487,91.21212121212122
1315,270470,48696,2015,31,27.322580645161292,0.967741935483871,2704708.0,27.0,52260.0,3375823.0,59.31879066207425,91.36363636363637
741,230760,48122,2015,35,36.25714285714286,0.9,2307601.0,23.0,58915.0,9020460.0,59.40762114911313,91.51515151515152
2002,313510,49383,2015,43,27.6046511627907,0.9761904761904762,3135100.0,31.0,71653.0,21119536.0,60.011444042817466,91.66666666666666
493,210990,47874,2015,53,30.301886792452827,0.8867924528301887,2109908.0,21.0,88013.0,7000229.0,60.21837683069547,91.81818181818183
162,150240,47543,2015,118,30.127118644067803,0.8899082568807339,1502400.0,15.0,195253.0,8366628.0,60.43441073888749,91.96969696969697
137,150080,47518,2015,314,28.58917197452229,0.9774919614147909,1500800.0,15.0,516057.0,8366628.0,60.845991818733204,92.12121212121212
1577,291560,48958,2015,41,35.1219512195122,0.95,2915601.0,29.0,67356.0,15344447.0,60.87059801650929,92.27272727272727
3493,432300,50874,2015,155,31.193548387096772,0.2903225806451613,4323002.0,43.0,253717.0,11322895.0,61.0916887713476,92.42424242424242
1493,290650,48874,2015,55,26.54545454545455,0.9454545454545454,2906501.0,29.0,89707.0,15344447.0,61.31071153867591,92.57575757575758
1164,260720,48545,2015,58,30.344827586206893,0.8965517241379308,2607208.0,26.0,94533.0,9473266.0,61.354236086869136,92.72727272727272
1438,290070,48819,2015,97,30.515463917525768,0.9175257731958762,2900702.0,29.0,155979.0,15344447.0,62.18785862199399,92.87878787878789
2381,330227,49762,2015,63,30.968253968253972,0.8253968253968254,3302270.0,33.0,101237.0,16718956.0,62.23021227416854,93.03030303030303
1354,270860,48735,2015,39,27.41025641025641,0.9743589743589745,2708600.0,27.0,61827.0,3375823.0,63.07923722645446,93.18181818181817
701,230440,48082,2015,1659,27.13140446051839,0.915593705293276,2304400.0,23.0,2627482.0,9020460.0,63.14029934363014,93.33333333333333
762,230960,48143,2015,45,28.422222222222217,1.0,2309607.0,23.0,70911.0,9020460.0,63.45982992765579,93.48484848484848
3818,521975,51199,2015,47,27.02127659574468,0.8723404255319149,5219753.0,52.0,71887.0,6778772.0,65.38038866554453,93.63636363636364
1761,293290,49142,2015,65,29.36923076923077,0.9846153846153848,2932903.0,29.0,98749.0,15344447.0,65.8234513767228,93.78787878787878
830,240200,48211,2015,45,30.444444444444446,0.7878787878787878,2402006.0,24.0,68222.0,3507003.0,65.96112690920818,93.93939393939394
1288,270230,48669,2015,38,27.210526315789476,1.0,2702306.0,27.0,57498.0,3375823.0,66.08925527844447,94.0909090909091
1486,290570,48867,2015,198,26.37878787878788,0.898989898989899,2905701.0,29.0,296893.0,15344447.0,66.6906932800706,94.24242424242424
3831,522140,51212,2015,81,29.06172839506173,0.7901234567901234,5221403.0,52.0,121266.0,6778772.0,66.79530948493394,94.39393939393939
1428,280740,48809,2015,35,29.17142857142857,0.9428571428571428,2807402.0,28.0,52156.0,2288116.0,67.10637318812792,94.54545454545455
1363,270930,48744,2015,45,30.044444444444448,0.9555555555555556,2709301.0,27.0,66477.0,3375823.0,67.6925854054786,94.6969696969697
511,211130,47892,2015,742,28.668463611859842,0.8983739837398373,2111300.0,21.0,1091868.0,7000229.0,67.95693252297897,94.84848484848484
3825,522045,51206,2015,72,27.75,0.7887323943661971,5220454.0,52.0,105459.0,6778772.0,68.27297812419994,95.0
3765,521250,51146,2015,137,29.05839416058394,0.8897058823529411,5212501.0,52.0,199615.0,6778772.0,68.6321168248879,95.15151515151516
192,150442,47573,2015,88,25.45454545454545,0.9534883720930232,1504422.0,15.0,127858.0,8366628.0,68.82635423673138,95.3030303030303
909,241200,48290,2015,70,28.34285714285714,0.9552238805970148,2412005.0,24.0,101492.0,3507003.0,68.97095337563552,95.45454545454545
3786,521523,51167,2015,76,26.460526315789476,0.8815789473684209,5215231.0,52.0,110096.0,6778772.0,69.03066414765296,95.60606060606061
1109,260190,48490,2015,42,34.59523809523809,0.8,2601904.0,26.0,60549.0,9473266.0,69.3653074369519,95.75757575757575
196,150470,47577,2015,56,29.75,0.9818181818181818,1504703.0,15.0,79825.0,8366628.0,70.15346069527091,95.9090909090909
1345,270770,48726,2015,54,28.81481481481481,0.9814814814814816,2707701.0,27.0,76019.0,3375823.0,71.03487286073218,96.06060606060606
189,150420,47570,2015,193,29.575129533678755,0.936842105263158,1504208.0,15.0,271594.0,8366628.0,71.0619527677342,96.21212121212122
834,240260,48215,2015,53,27.90566037735849,1.0,2402600.0,24.0,73849.0,3507003.0,71.76806727240721,96.36363636363636
1116,260260,48497,2015,36,27.055555555555557,0.8611111111111112,2602605.0,26.0,50138.0,9473266.0,71.80182695759703,96.51515151515152
1119,260290,48500,2015,147,27.176870748299322,0.875,2602902.0,26.0,204653.0,9473266.0,71.82890062691482,96.66666666666667
786,231180,48167,2015,55,32.72727272727273,0.82,2311801.0,23.0,76475.0,9020460.0,71.91892775416802,96.81818181818181
1056,251370,48437,2015,99,28.313131313131308,0.978021978021978,2513703.0,25.0,136851.0,4025558.0,72.34145165179649,96.96969696969697
222,150618,47603,2015,37,37.270270270270274,0.972972972972973,1506187.0,15.0,50925.0,8366628.0,72.65586647029946,97.12121212121212
3016,411950,50397,2015,79,30.075949367088608,0.1518987341772152,4119509.0,41.0,107751.0,11320892.0,73.31718499132259,97.27272727272728
713,230523,48094,2015,49,26.04081632653061,0.85,2305233.0,23.0,65928.0,9020460.0,74.32350442907415,97.42424242424242
1678,292530,49059,2015,111,27.612612612612608,0.9174311926605504,2925303.0,29.0,149324.0,15344447.0,74.33500308054968,97.57575757575758
743,230765,48124,2015,169,28.17751479289941,0.9066666666666666,2307650.0,23.0,224804.0,9020460.0,75.17659828116938,97.72727272727273
1504,290750,48885,2015,43,31.27906976744186,0.9302325581395348,2907509.0,29.0,56459.0,15344447.0,76.16146230007615,97.87878787878788
3255,430060,50636,2015,159,30.924528301886788,0.2929936305732484,4300604.0,43.0,208177.0,11322895.0,76.37731353607747,98.03030303030303
1736,293070,49117,2015,104,27.548076923076927,0.9423076923076924,2930709.0,29.0,136050.0,15344447.0,76.44248438074237,98.18181818181819
3800,521760,51181,2015,68,30.676470588235286,0.8656716417910447,5217609.0,52.0,88863.0,6778772.0,76.52228711612257,98.33333333333333
872,240710,48253,2015,62,28.306451612903228,0.9508196721311476,2407104.0,24.0,80031.0,3507003.0,77.46998038260175,98.48484848484848
1614,291920,48995,2015,162,26.96913580246914,0.9074074074074074,2919207.0,29.0,197636.0,15344447.0,81.9688720678419,98.63636363636363
3710,520549,51091,2015,55,26.945454545454545,0.8727272727272727,5205497.0,52.0,66777.0,6778772.0,82.36368809620079,98.7878787878788
1387,280290,48768,2015,82,28.914634146341466,0.8765432098765432,2802908.0,28.0,95196.0,2288116.0,86.1380730282785,98.93939393939394
1421,280670,48802,2015,77,30.558441558441558,0.986842105263158,2806701.0,28.0,89232.0,2288116.0,86.29191321499013,99.0909090909091
135,150060,47516,2015,97,30.113402061855673,0.7083333333333334,1500602.0,15.0,111435.0,8366628.0,87.04626015165792,99.24242424242425
1403,280480,48784,2015,159,27.716981132075468,0.9937106918238994,2804805.0,28.0,181928.0,2288116.0,87.39721208390132,99.39393939393939
1145,260520,48526,2015,60,27.8,0.7966101694915254,2605202.0,26.0,68281.0,9473266.0,87.87217527569895,99.54545454545455
509,211120,47890,2015,156,28.544871794871803,0.8967741935483872,2111201.0,21.0,176418.0,7000229.0,88.42635105261367,99.69696969696969
754,230870,48135,2015,56,30.05357142857143,0.8936170212765957,2308708.0,23.0,61548.0,9020460.0,90.98589718593618,99.84848484848486
698,230428,48079,2015,48,25.33333333333333,0.9473684210526316,2304285.0,23.0,52667.0,9020460.0,91.13866367934381,100.0
