,Unnamed: 0,UF,ano,homicidios,idade_media,negro_proporcao,uf,uf_nome,uf_pop,tx_hom
0,54,11,2001,564,32.86524822695036,0.6083499005964215,11,Rondônia,1407886.0,40.06006168113043
1,55,12,2001,121,29.570247933884296,0.6666666666666666,12,Acre,574355.0,21.06711006259195
2,56,13,2001,485,29.158762886597934,0.8776371308016878,13,Amazonas,2900240.0,16.72275397898105
3,57,14,2001,107,31.57943925233645,0.7864077669902912,14,Roraima,337237.0,31.728428375296897
4,58,15,2001,944,30.931144067796605,0.8756998880179171,15,Pará,6341736.0,14.885513998059837
5,59,16,2001,182,27.659340659340657,0.9162011173184358,16,Amapá,498735.0,36.492325583726824
6,60,17,2001,207,33.38647342995169,0.6682926829268293,17,Tocantins,1184895.0,17.46990239641487
7,61,21,2001,559,30.59749552772809,0.8180112570356473,21,Maranhão,5730467.0,9.754876871291641
8,62,22,2001,259,31.644787644787645,0.8127853881278538,22,Piauí,2873010.0,9.014935555393125
9,63,23,2001,1278,32.069640062597806,0.7890535917901939,23,Ceará,7547620.0,16.93248997697287
10,64,24,2001,319,33.45454545454545,0.7773851590106007,24,Rio Grande do Norte,2815244.0,11.331167032058323
11,65,25,2001,484,30.623966942148762,0.8545454545454545,25,Paraíba,3468594.0,13.95378069615527
12,66,26,2001,4663,29.491743512760024,0.8697954271961492,26,Pernambuco,8008207.0,58.22776559097436
13,67,27,2001,829,29.68275030156816,0.8472622478386167,27,Alagoas,2856629.0,29.020219286438667
14,68,28,2001,516,30.858527131782946,0.7612359550561798,28,Sergipe,1817301.0,28.39375535478162
15,69,29,2001,912,28.710526315789476,0.9346991037131882,29,Bahia,13214114.0,6.901711306562059
16,70,31,2001,2350,31.08808510638298,0.6511948529411765,31,Minas Gerais,18127096.0,12.964018064448933
17,71,32,2001,1448,30.802486187845307,0.7424242424242424,32,Espírito Santo,3155016.0,45.89517137155564
18,72,33,2001,6659,29.47995194473645,0.626359962698166,33,Rio de Janeiro,14558545.0,45.73946091453507
19,73,35,2001,15388,29.086365999480115,0.4159116460551551,35,São Paulo,37630106.0,40.89278940643962
20,74,41,2001,2003,31.62506240639041,0.17860798362333674,41,Paraná,9694709.0,20.66075423202491
21,75,42,2001,466,33.18454935622318,0.15914489311163896,42,Santa Catarina,5448736.0,8.552442254497189
22,76,43,2001,1842,32.81053203040174,0.1732152739346984,43,Rio Grande do Sul,10309819.0,17.866463029079366
23,77,50,2001,607,33.212520593080725,0.5109983079526227,50,Mato Grosso do Sul,2111036.0,28.753654603711162
24,78,51,2001,957,33.27586206896552,0.6677489177489178,51,Mato Grosso,2560584.0,37.374286490894264
25,79,52,2001,1144,31.33741258741259,0.6559999999999999,52,Goiás,5116462.0,22.35920055694736
26,80,53,2001,673,27.75482912332838,0.8597285067873304,53,Distrito Federal,2097447.0,32.08662721870922
27,81,11,2002,591,32.45346869712352,0.6678832116788321,11,Rondônia,1431777.0,41.27737769219648
28,82,12,2002,151,28.54966887417218,0.6849315068493149,12,Acre,586942.0,25.726562420136915
29,83,13,2002,512,29.03125,0.8802395209580839,13,Amazonas,2961801.0,17.286779226558433
30,84,14,2002,120,29.41666666666667,0.7711864406779662,14,Roraima,346871.0,34.59499352785329
31,85,15,2002,1163,30.912295786758385,0.8848167539267016,15,Pará,6453683.0,18.020717782388754
32,86,16,2002,181,27.138121546961326,0.8971428571428571,16,Amapá,516511.0,35.04281612589083
33,87,17,2002,169,32.81065088757396,0.75,17,Tocantins,1207014.0,14.001494597411464
34,88,21,2002,591,31.57698815566836,0.8318890814558059,21,Maranhão,5803224.0,10.183994276285045
35,89,22,2002,305,31.2655737704918,0.8436363636363636,22,Piauí,2898223.0,10.523689860994132
36,90,23,2002,1437,31.94154488517745,0.832541567695962,23,Ceará,7654535.0,18.773184785228626
37,91,24,2002,298,32.04026845637584,0.7598566308243727,24,Rio Grande do Norte,2852784.0,10.445936320450478
38,92,25,2002,585,31.12136752136752,0.8928571428571429,25,Paraíba,3494893.0,16.738709883249644
39,93,26,2002,4350,29.52068965517241,0.8696932515337423,26,Pernambuco,8084667.0,53.8055556277086
40,94,27,2002,990,30.352525252525247,0.8618421052631579,27,Alagoas,2887535.0,34.28529870633603
41,95,28,2002,554,30.06317689530686,0.8492239467849224,28,Sergipe,1846039.0,30.010200217871887
42,96,29,2002,972,28.454732510288068,0.928395061728395,29,Bahia,13323212.0,7.295538042928387
43,97,31,2002,2963,30.811339858251767,0.6799857295754549,31,Minas Gerais,18343517.0,16.15284571655479
44,98,32,2002,1637,30.074526572999392,0.7370336669699727,32,Espírito Santo,3201722.0,51.12873634875233
45,99,33,2002,7529,29.34240935051136,0.6266211604095563,33,Rio de Janeiro,14724475.0,51.13255311309911
46,100,35,2002,14172,28.79403048264183,0.41841992271361106,35,São Paulo,38177742.0,37.1211058003378
47,101,41,2002,2197,31.26536185707784,0.1814814814814815,41,Paraná,9798006.0,22.42292972672195
48,102,42,2002,570,33.72280701754386,0.15779467680608364,42,Santa Catarina,5527707.0,10.31168982002845
49,103,43,2002,1895,32.35936675461741,0.1704059829059829,43,Rio Grande do Sul,10408540.0,18.206203751919094
50,104,50,2002,657,32.89193302891933,0.5054773082942097,50,Mato Grosso do Sul,2140624.0,30.69198514078138
51,105,51,2002,945,33.12698412698413,0.6528835690968444,51,Mato Grosso,2604742.0,36.27998473553235
52,106,52,2002,1333,31.054763690922734,0.6404995539696701,52,Goiás,5210335.0,25.583767646418128
53,107,53,2002,621,27.82608695652174,0.8529411764705882,53,Distrito Federal,2145839.0,28.939729401879635
54,108,11,2003,550,33.376363636363635,0.6866791744840526,11,Rondônia,1455907.0,37.77713823753852
55,109,12,2003,145,31.76551724137931,0.7007299270072993,12,Acre,600595.0,24.142725130911845
56,110,13,2003,553,28.971066907775768,0.9077490774907748,13,Amazonas,3031068.0,18.244394385081428
57,111,14,2003,106,32.68867924528302,0.7843137254901961,14,Roraima,357302.0,29.666780482616947
58,112,15,2003,1383,30.746926970354306,0.8908296943231441,15,Pará,6574993.0,21.034242926190185
59,113,16,2003,185,26.70810810810811,0.9395604395604396,16,Amapá,534835.0,34.59010722933241
60,114,17,2003,203,34.11330049261084,0.7920792079207921,17,Tocantins,1230181.0,16.50163675101469
61,115,21,2003,782,32.071611253196934,0.8442408376963351,21,Maranhão,5873655.0,13.313686282221207
62,116,22,2003,297,31.939393939393934,0.8763636363636363,22,Piauí,2923725.0,10.158274119487983
63,117,23,2003,1549,32.912201420271145,0.8254143646408841,23,Ceará,7758441.0,19.96535128642468
64,118,24,2003,404,32.39356435643565,0.7439353099730458,24,Rio Grande do Norte,2888058.0,13.98863873232463
65,119,25,2003,607,31.461285008237233,0.9083969465648856,25,Paraíba,3518595.0,17.251203960671802
66,120,26,2003,4486,29.594070441373162,0.8666993383974516,26,Pernambuco,8161862.0,54.96294840564567
67,121,27,2003,1039,29.93551491819057,0.9090909090909092,27,Alagoas,2917664.0,35.61068032508199
68,122,28,2003,467,30.237687366167027,0.8171091445427728,28,Sergipe,1874613.0,24.91180846393362
69,123,29,2003,1236,28.271844660194176,0.9549632352941176,29,Bahia,13435612.0,9.199432076484495
70,124,31,2003,3830,30.009399477806788,0.6893442622950819,31,Minas Gerais,18553312.0,20.643214537652362
71,125,32,2003,1617,30.458256029684602,0.7238252267106348,32,Espírito Santo,3250219.0,49.75049373596056
72,126,33,2003,7144,29.540593505039197,0.6345657781599312,33,Rio de Janeiro,14879118.0,48.01359865551171
73,127,35,2003,13628,29.05363956560024,0.41580654674137424,35,São Paulo,38709320.0,35.205991735323686
74,128,41,2003,2489,30.99156287665729,0.16611842105263158,41,Paraná,9906866.0,25.123989766289363
75,129,42,2003,658,32.399696048632215,0.1695205479452055,42,Santa Catarina,5607233.0,11.734843192711985
76,130,43,2003,1892,32.619978858350954,0.18683651804670912,43,Rio Grande do Sul,10510992.0,18.00020397694147
77,131,50,2003,692,32.286127167630056,0.5545722713864307,50,Mato Grosso do Sul,2169688.0,31.89398660083846
78,132,51,2003,888,32.53153153153153,0.6670454545454545,51,Mato Grosso,2651335.0,33.4925612945931
79,133,52,2003,1317,30.97722095671982,0.693969396939694,52,Goiás,5306459.0,24.818810434604316
80,134,53,2003,716,27.93435754189944,0.8519040902679831,53,Distrito Federal,2189789.0,32.697214206482904
81,135,11,2004,547,31.881170018281537,0.6871401151631478,11,Rondônia,1562085.0,35.01730059503804
82,136,12,2004,114,29.140350877192983,0.7476635514018691,12,Acre,630328.0,18.08582198474445
83,137,13,2004,518,29.969111969111967,0.8562992125984252,13,Amazonas,3138726.0,16.503511297258825
84,138,14,2004,84,29.976190476190478,0.8048780487804879,14,Roraima,381896.0,21.99551710413306
85,139,15,2004,1496,30.812165775401073,0.8957632817753867,15,Pará,6850181.0,21.83883900294021
86,140,16,2004,172,26.44186046511628,0.9411764705882352,16,Amapá,547400.0,31.421264157837047
87,141,17,2004,196,32.734693877551024,0.7551020408163265,17,Tocantins,1262644.0,15.522981933149802
88,142,21,2004,721,31.055478502080444,0.8787023977433004,21,Maranhão,6021504.0,11.973752736857769
89,143,22,2004,324,31.85185185185185,0.8327759197324415,22,Piauí,2974698.0,10.891861963802711
90,144,23,2004,1576,31.6751269035533,0.8347305389221557,23,Ceará,7976563.0,19.757883188536216
91,145,24,2004,342,31.008771929824558,0.7928802588996764,24,Rio Grande do Norte,2962107.0,11.54583544753785
92,146,25,2004,662,31.861027190332326,0.9221453287197232,25,Paraíba,3568350.0,18.551991816946206
93,147,26,2004,4138,29.361527307878198,0.8855656697009102,26,Pernambuco,8323911.0,49.71220860001987
94,148,27,2004,1035,29.88502415458937,0.9315789473684212,27,Alagoas,2980910.0,34.720940920725546
95,149,28,2004,437,31.06407322654462,0.8485804416403786,28,Sergipe,1934596.0,22.5886955209253
96,150,29,2004,1452,28.95247933884297,0.9402420574886536,29,Bahia,13682074.0,10.612426157028532
97,151,31,2004,4269,29.779105176856408,0.7126042177538009,31,Minas Gerais,18993720.0,22.475849912497395
98,152,32,2004,1612,30.01240694789082,0.7808798646362098,32,Espírito Santo,3352024.0,48.09034780180571
99,153,33,2004,6797,29.45534794762395,0.6445347786811202,33,Rio de Janeiro,15203750.0,44.70607580366686
100,154,35,2004,10574,29.718554946094194,0.4171662384622704,35,São Paulo,39825226.0,26.55101065842037
101,155,41,2004,2740,30.614598540145984,0.1899628252788104,41,Paraná,10135388.0,27.03399218658427
102,156,42,2004,628,34.55732484076433,0.16580310880829016,42,Santa Catarina,5774178.0,10.876006939862263
103,157,43,2004,1969,31.776536312849164,0.19559651817716334,43,Rio Grande do Sul,10726063.0,18.3571549039009
104,158,50,2004,643,32.581648522550545,0.5816164817749604,50,Mato Grosso do Sul,2227794.0,28.862632720978688
105,159,51,2004,849,32.833922261484105,0.6765755053507729,51,Mato Grosso,2742646.0,30.955507929204135
106,160,52,2004,1482,30.88191632928475,0.6505576208178439,52,Goiás,5508245.0,26.90512132267174
107,161,53,2004,685,28.016058394160584,0.841642228739003,53,Distrito Federal,2282049.0,30.01688394946822
108,162,11,2005,526,32.98479087452471,0.7162426614481409,11,Rondônia,1534594.0,34.27616685585894
109,163,12,2005,123,31.34146341463415,0.7435897435897436,12,Acre,669736.0,18.36544548896879
110,164,13,2005,597,29.427135678391963,0.8734835355285961,13,Amazonas,3232330.0,18.469648829172762
111,165,14,2005,91,33.637362637362635,0.7865168539325843,14,Roraima,391317.0,23.25480365023753
112,166,15,2005,1892,30.188160676532767,0.9046858359957402,15,Pará,6970586.0,27.142624737719323
113,167,16,2005,196,28.12244897959184,0.8865979381443299,16,Amapá,594587.0,32.96405740455139
114,168,17,2005,188,34.5531914893617,0.7872340425531915,17,Tocantins,1305728.0,14.39809822566415
115,169,21,2005,925,31.14918918918919,0.8484513274336283,21,Maranhão,6103327.0,15.155668375625293
116,170,22,2005,367,31.122615803814718,0.8521739130434782,22,Piauí,3006885.0,12.205322119070066
117,171,23,2005,1488,31.04905913978495,0.8324205914567361,23,Ceará,8097276.0,18.376550336187133
118,172,24,2005,405,31.217283950617286,0.7879656160458453,24,Rio Grande do Norte,3003087.0,13.48612277965973
119,173,25,2005,732,30.631147540983605,0.9276923076923076,25,Paraíba,3595886.0,20.35659639932968
120,174,26,2005,4309,29.18148062195405,0.8868927125506073,26,Pernambuco,8413593.0,51.214742619473036
121,175,27,2005,1200,29.8025,0.9227272727272728,27,Alagoas,3015912.0,39.788959359556905
122,176,28,2005,481,32.00415800415801,0.8260869565217391,28,Sergipe,1967791.0,24.44365280662428
123,177,29,2005,2365,29.448202959830862,0.9374117647058824,29,Bahia,13815334.0,17.118659599543523
124,178,31,2005,4203,30.025220080894602,0.7162872154115587,31,Minas Gerais,19237450.0,21.848010001325537
125,179,32,2005,1589,29.97923222152297,0.8068910256410257,32,Espírito Santo,3408365.0,46.62059374509479
126,180,33,2005,6660,29.68858858858859,0.6497391837987112,33,Rio de Janeiro,15383407.0,43.29340048014071
127,181,35,2005,8539,30.760979037358002,0.4212690951821387,35,São Paulo,40442795.0,21.11377317022723
128,182,41,2005,2894,30.12543192812716,0.21702427013717904,41,Paraná,10261856.0,28.20152611769255
129,183,42,2005,626,31.876996805111823,0.16489361702127658,42,Santa Catarina,5866568.0,10.670634006117375
130,184,43,2005,2013,32.177844013909585,0.2022977022977023,43,Rio Grande do Sul,10845087.0,18.561400199002552
131,185,50,2005,617,32.75526742301459,0.5647840531561462,50,Mato Grosso do Sul,2264468.0,27.24701784260144
132,186,51,2005,877,33.05359179019384,0.6989619377162629,51,Mato Grosso,2803274.0,31.284847646002497
133,187,52,2005,1431,29.85744234800839,0.7106598984771574,52,Goiás,5619917.0,25.463009507079907
134,188,53,2005,639,28.31142410015649,0.8501577287066246,53,Distrito Federal,2333108.0,27.388359218690262
135,189,11,2006,541,33.32162661737523,0.7380497131931166,11,Rondônia,1562417.0,34.62583932458492
136,190,12,2006,134,32.71641791044776,0.7073170731707317,12,Acre,686652.0,19.51497993161019
137,191,13,2006,649,28.859784283513093,0.8666666666666667,13,Amazonas,3311026.0,19.601174983222727
138,192,14,2006,93,34.41935483870968,0.6521739130434783,14,Roraima,403344.0,23.05724146138284
139,193,15,2006,1849,29.930232558139533,0.924517906336088,15,Pará,7110465.0,26.00392520039125
140,194,16,2006,175,27.874285714285715,0.9190751445086706,16,Amapá,615715.0,28.42224080946542
141,195,17,2006,189,30.354497354497358,0.8404255319148937,17,Tocantins,1332441.0,14.184492971921458
142,196,21,2006,868,31.367511520737327,0.8522860492379836,21,Maranhão,6184538.0,14.035001482729996
143,197,22,2006,398,31.562814070351763,0.875968992248062,22,Piauí,3036290.0,13.108102322241947
144,198,23,2006,1631,31.45003065603924,0.8597678916827853,23,Ceará,8217085.0,19.848888018074536
145,199,24,2006,299,33.31772575250836,0.7932330827067671,24,Rio Grande do Norte,3043760.0,9.823376350303572
146,200,25,2006,779,30.549422336328625,0.942090395480226,25,Paraíba,3623215.0,21.50024218822234
147,201,26,2006,4280,29.51238317757009,0.912353515625,26,Pernambuco,8502603.0,50.3375260493757
148,202,27,2006,1598,29.74468085106383,0.9406554472984944,27,Alagoas,3050652.0,52.38224484470861
149,203,28,2006,555,30.526126126126126,0.8244111349036403,28,Sergipe,2000738.0,27.739764027074006
150,204,29,2006,2983,30.010727455581627,0.9335001787629604,29,Bahia,13950146.0,21.383288748375822
151,205,31,2006,3821,29.641978539649305,0.6962680468537183,31,Minas Gerais,19479356.0,19.615638217197734
152,206,32,2006,1667,30.33473305338932,0.806949806949807,32,Espírito Santo,3464285.0,48.11959755043248
153,207,33,2006,6386,29.865173817726284,0.6475855452510393,33,Rio de Janeiro,15561720.0,41.036594926524835
154,208,35,2006,7279,31.163758758071165,0.4087672762808879,35,São Paulo,41055734.0,17.729557581408727
155,209,41,2006,2886,30.17740817740818,0.17246224095539164,41,Paraná,10387378.0,27.783719818418085
156,210,42,2006,624,32.490384615384606,0.1592920353982301,42,Santa Catarina,5958266.0,10.472845623206483
157,211,43,2006,1956,32.80112474437628,0.19391438886023726,43,Rio Grande do Sul,10963219.0,17.841475209060405
158,212,50,2006,647,33.20401854714065,0.5573248407643312,50,Mato Grosso do Sul,2297981.0,28.155150107855548
159,213,51,2006,854,32.384074941451985,0.7373380447585395,51,Mato Grosso,2856999.0,29.891505037278627
160,214,52,2006,1397,30.825340014316392,0.7451851851851852,52,Goiás,5730753.0,24.37725024966178
161,215,53,2006,637,29.12087912087912,0.8803149606299212,53,Distrito Federal,2383784.0,26.722219798438115
162,216,11,2007,382,32.31413612565445,0.7520661157024794,11,Rondônia,1527991.0,25.000147252176223
163,217,12,2007,109,30.348623853211013,0.77,12,Acre,683363.5,15.95051535529773
164,218,13,2007,697,29.010043041606888,0.9392592592592592,13,Amazonas,3326060.0,20.955725392807107
165,219,14,2007,96,34.208333333333336,0.8297872340425532,14,Roraima,408063.5,23.525750281512558
166,220,15,2007,2005,29.56608478802993,0.9073791348600508,15,Pará,7215977.5,27.785563355761575
167,221,16,2007,161,27.732919254658388,0.8733333333333333,16,Amapá,614440.5,26.202699854583155
168,222,17,2007,199,34.15577889447236,0.8787878787878788,17,Tocantins,1306477.0,15.231802779536112
169,223,21,2007,1019,31.12168792934249,0.8588351431391905,21,Maranhão,6245037.5,16.31695566279626
170,224,22,2007,370,32.38108108108108,0.8403361344537815,22,Piauí,3074085.5,12.036099841725287
171,225,23,2007,1823,30.816785518376303,0.8640646029609691,23,Ceará,8333806.5,21.874757951243527
172,226,24,2007,561,30.729055258467024,0.8104838709677419,24,Rio Grande do Norte,3075098.0,18.243321025866493
173,227,25,2007,816,30.590686274509807,0.95112285336856,25,Paraíba,3682909.5,22.156395643172875
174,228,26,2007,4431,29.0,0.9375595805529076,26,Pernambuco,8618399.5,51.41325834338499
175,229,27,2007,1816,29.073237885462557,0.9427043544690604,27,Alagoas,3089106.0,58.78723488284313
176,230,28,2007,515,30.67961165048544,0.8337129840546698,28,Sergipe,2000056.0,25.749279020187434
177,231,29,2007,3392,29.801886792452827,0.9223544145272384,29,Bahia,14226354.5,23.843072376693552
178,232,31,2007,3899,30.054116440112853,0.7125636217519421,31,Minas Gerais,19664708.0,19.827398403271488
179,233,32,2007,1783,30.480089736399325,0.8111587982832618,32,Espírito Santo,3458965.5,51.54720392556676
180,234,33,2007,5665,29.55745807590468,0.6594320853680593,33,Rio de Janeiro,15717041.0,36.043680232176015
181,235,35,2007,5550,31.856396396396395,0.41234658362337423,35,São Paulo,41033686.0,13.52547270552297
182,236,41,2007,2971,29.902053180747227,0.2051635111876076,41,Paraná,10488774.5,28.325520774614805
183,237,42,2007,595,31.640336134453783,0.15817223198594024,42,Santa Catarina,6005426.5,9.907705972256924
184,238,43,2007,2145,31.59020979020979,0.20150305307656174,43,Rio Grande do Sul,10909223.5,19.6622610216025
185,239,50,2007,662,32.04682779456193,0.539906103286385,50,Mato Grosso do Sul,2317020.5,28.571175783727423
186,240,51,2007,851,34.11398354876616,0.7011764705882353,51,Mato Grosso,2907367.0,29.2704704978766
187,241,52,2007,1398,30.28755364806867,0.7263868065967016,52,Goiás,5787874.0,24.153946682322385
188,242,53,2007,672,28.608630952380953,0.8477611940298507,53,Distrito Federal,2470471.5,27.201285260728568
189,243,11,2008,430,33.92790697674418,0.7107843137254902,11,Rondônia,1493565.0,28.79017652395443
190,244,12,2008,112,30.13392857142857,0.7682926829268293,12,Acre,680075.0,16.468771826636768
191,245,13,2008,811,29.500616522811345,0.9433962264150944,13,Amazonas,3341094.0,24.273486468803334
192,246,14,2008,87,33.94252873563219,0.8117647058823529,14,Roraima,412783.0,21.076449369281196
193,247,15,2008,2567,29.830541488118428,0.9258818866428854,15,Pará,7321490.0,35.061169242872694
194,248,16,2008,188,28.617021276595747,0.9725274725274724,16,Amapá,613166.0,30.6605389078977
195,249,17,2008,212,31.933962264150942,0.8246445497630331,17,Tocantins,1280513.0,16.55586471984275
196,250,21,2008,1146,31.138743455497387,0.8843416370106761,21,Maranhão,6305537.0,18.174502821884953
197,251,22,2008,343,31.88338192419825,0.8516320474777448,22,Piauí,3111881.0,11.02227238123823
198,252,23,2008,1918,30.54379562043795,0.8776059179556154,23,Ceará,8450528.0,22.696806637407747
199,253,24,2008,677,29.864106351550962,0.8496,24,Rio Grande do Norte,3106436.0,21.793463634853573
200,254,25,2008,980,30.387755102040817,0.9497863247863249,25,Paraíba,3742604.0,26.184977090816982
201,255,26,2008,4297,29.15662089830114,0.8993063860320497,26,Pernambuco,8734196.0,49.19743042175834
202,256,27,2008,1873,29.258942872397228,0.9645793801391525,27,Alagoas,3127560.0,59.88694061824553
203,257,28,2008,546,30.85897435897436,0.8486140724946695,28,Sergipe,1999374.0,27.3085475753911
204,258,29,2008,4498,28.698755002223212,0.92296918767507,29,Bahia,14502563.0,31.015207449883167
205,259,31,2008,3695,30.184303112313934,0.7105709440361786,31,Minas Gerais,19850060.0,18.614553306136102
206,260,32,2008,1869,30.0,0.8241758241758241,32,Espírito Santo,3453646.0,54.11672186437174
207,261,33,2008,4829,29.948229447090487,0.6582359192348566,33,Rio de Janeiro,15872362.0,30.423953284331592
208,262,35,2008,5379,32.342814649563124,0.3958254269449715,35,São Paulo,41011638.0,13.115789230364317
209,263,41,2008,3267,29.87235996326905,0.20651833281103105,41,Paraná,10590171.0,30.84936022279527
210,264,42,2008,749,31.89052069425901,0.13741496598639455,42,Santa Catarina,6052587.0,12.374873752331029
211,265,43,2008,2324,31.85499139414802,0.20113686051595975,43,Rio Grande do Sul,10855228.0,21.409039036305824
212,266,50,2008,680,31.9735294117647,0.5395136778115501,50,Mato Grosso do Sul,2336060.0,29.108841382498735
213,267,51,2008,893,32.99888017917133,0.7420814479638009,51,Mato Grosso,2957735.0,30.19202193570418
214,268,52,2008,1634,30.395960832313342,0.7542640555906507,52,Goiás,5844995.0,27.9555414504204
215,269,53,2008,772,28.26943005181347,0.8688311688311688,53,Distrito Federal,2557159.0,30.189753550717807
216,270,11,2009,513,33.09356725146199,0.719758064516129,11,Rondônia,1503928.0,34.1106755110617
217,271,12,2009,135,32.19259259259259,0.8737864077669902,12,Acre,691132.0,19.53317166619401
218,272,13,2009,884,29.65497737556561,0.9557625145518044,13,Amazonas,3393369.0,26.050806735135495
219,273,14,2009,91,31.241758241758237,0.7613636363636364,14,Roraima,421499.0,21.58961231224748
220,274,15,2009,2712,29.464601769911503,0.9284644194756554,15,Pará,7431020.0,36.49566277576968
221,275,16,2009,171,29.50292397660819,0.93125,16,Amapá,626609.0,27.289745279751806
222,276,17,2009,263,32.80608365019011,0.8038461538461539,17,Tocantins,1292051.0,20.35523365563743
223,277,21,2009,1269,30.76674546887313,0.8865647626709574,21,Maranhão,6367138.0,19.93046169252182
224,278,22,2009,364,32.03846153846154,0.8526912181303116,22,Piauí,3145325.0,11.572730957850142
225,279,23,2009,2028,30.44674556213018,0.8793935217091661,23,Ceará,8547809.0,23.725378047169748
226,280,24,2009,774,29.86821705426357,0.8291666666666667,24,Rio Grande do Norte,3137541.0,24.669000341350124
227,281,25,2009,1178,29.96010186757216,0.9598930481283422,25,Paraíba,3769977.0,31.246874980934898
228,282,26,2009,3808,29.55042016806723,0.9049945711183496,26,Pernambuco,8810256.0,43.222353584277236
229,283,27,2009,1854,29.684466019417478,0.9705159705159704,27,Alagoas,3156108.0,58.743236923451285
230,284,28,2009,648,31.873456790123452,0.8660550458715597,28,Sergipe,2019679.0,32.08430646652265
231,285,29,2009,5046,28.302615933412604,0.9347600249324746,29,Bahia,14637364.0,34.473420214186106
232,286,31,2009,3529,30.311986398413147,0.7110649658854941,31,Minas Gerais,20033665.0,17.61534896385659
233,287,32,2009,1883,29.57514604354753,0.844299674267101,32,Espírito Santo,3487199.0,53.99749196991626
234,288,33,2009,4611,30.761006289308177,0.6612290502793297,33,Rio de Janeiro,16010429.0,28.799977814460814
235,289,35,2009,5473,33.22839393385712,0.4075037147102526,35,São Paulo,41384039.0,13.22490537958366
236,290,41,2009,3465,30.235786435786444,0.18547681539807526,41,Paraná,10686247.0,32.4248541138905
237,291,42,2009,773,31.165588615782667,0.14701986754966884,42,Santa Catarina,6118743.0,12.633313737805297
238,292,43,2009,2185,32.40961098398169,0.20138568129330253,43,Rio Grande do Sul,10914128.0,20.019922800978694
239,293,50,2009,719,32.02364394993046,0.5557122708039492,50,Mato Grosso do Sul,2360498.0,30.459674187396047
240,294,51,2009,940,32.59574468085106,0.7467672413793104,51,Mato Grosso,3001692.0,31.31567129472311
241,295,52,2009,1696,31.131485849056602,0.7708959711365003,52,Goiás,5926300.0,28.618193476536796
242,296,53,2009,826,28.537530266343822,0.8613138686131386,53,Distrito Federal,2606885.0,31.685325589736408
243,297,11,2010,512,34.041015625,0.7329317269076305,11,Rondônia,1540191.5,33.24261950543163
244,298,12,2010,140,31.92857142857143,0.8039215686274509,12,Acre,718759.0,19.478016970917928
245,299,13,2010,1048,29.725190839694662,0.9300291545189504,13,Amazonas,3465878.0,30.237648295756514
246,300,14,2010,94,31.382978723404253,0.8876404494382022,14,Roraima,440832.0,21.323315911730546
247,301,15,2010,3173,30.089190040970692,0.9226837060702876,15,Pará,7559806.5,41.97197375356102
248,302,16,2010,232,27.931034482758623,0.8695652173913043,16,Amapá,655459.0,35.39504377848195
249,303,17,2010,302,32.05298013245033,0.875,17,Tocantins,1346471.5,22.428993112739484
250,304,21,2010,1424,31.0,0.899856938483548,21,Maranhão,6506449.5,21.8859763685248
251,305,22,2010,361,33.346260387811625,0.8584070796460177,22,Piauí,3142826.5,11.486475629501024
252,306,23,2010,2455,30.37881873727088,0.8514316585629389,23,Ceará,8538982.0,28.750499766834032
253,307,24,2010,774,30.627906976744185,0.8507042253521127,24,Rio Grande do Norte,3168099.0,24.43105471135845
254,308,25,2010,1352,28.974112426035504,0.965089216446858,25,Paraíba,3780646.0,35.76108421682432
255,309,26,2010,3338,29.85620131815459,0.9204726924305334,26,Pernambuco,8837581.0,37.770516615349834
256,310,27,2010,2064,28.77228682170543,0.9721739130434782,27,Alagoas,3149746.0,65.52909345705972
257,311,28,2010,666,31.939939939939944,0.9077669902912622,28,Sergipe,2054749.0,32.4127180497472
258,312,29,2010,5415,28.614404432132964,0.9322425409047159,29,Bahia,14367449.0,37.68936294814758
259,313,31,2010,3475,30.506187050359717,0.7340393343419062,31,Minas Gerais,19881183.0,17.478839161633392
260,314,32,2010,1697,29.705951679434296,0.8355795148247979,32,Espírito Santo,3517127.0,48.24960827402593
261,315,33,2010,4763,30.587654839386946,0.6699698405859543,33,Rio de Janeiro,16061553.5,29.654665720846992
262,316,35,2010,4913,33.12945247303073,0.41982135261590814,35,São Paulo,41485610.5,11.842660481035947
263,317,41,2010,3390,30.165486725663715,0.1869967193558008,41,Paraná,10599298.0,31.983250211476268
264,318,42,2010,779,32.65982028241336,0.1618421052631579,42,Santa Catarina,6217898.5,12.52834860524018
265,319,43,2010,2034,32.431661750245816,0.21180555555555555,43,Rio Grande do Sul,10823579.0,18.792305206992992
266,320,50,2010,636,33.24056603773585,0.5798722044728435,50,Mato Grosso do Sul,2419020.0,26.291638762804773
267,321,51,2010,920,32.36413043478261,0.7551912568306011,51,Mato Grosso,3038814.0,30.274969116240744
268,322,52,2010,1793,29.869492470719464,0.7942857142857143,52,Goiás,6003508.0,29.865871753648033
269,323,53,2010,722,28.729916897506925,0.8720445062586927,53,Distrito Federal,2608441.5,27.67936332863896
270,0,11,2011,408,34.051470588235304,0.7406483790523691,11,Rondônia,1576455.0,25.880852926344236
271,1,12,2011,123,33.016260162601625,0.8588235294117647,12,Acre,746386.0,16.479408777763783
272,2,13,2011,1269,28.393223010244288,0.8877388535031847,13,Amazonas,3538387.0,35.86379895698237
273,3,14,2011,74,33.81081081081081,0.8591549295774648,14,Roraima,460165.0,16.0811882694251
274,4,15,2011,2847,29.526167896030913,0.9184397163120568,15,Pará,7688593.0,37.02888161722177
275,5,16,2011,181,28.03867403314917,0.8491620111731844,16,Amapá,684309.0,26.450039382793445
276,6,17,2011,332,33.24397590361445,0.8297213622291022,17,Tocantins,1400892.0,23.699185947239332
277,7,21,2011,1493,32.21567314132619,0.8700680272108844,21,Maranhão,6645761.0,22.465448275976218
278,8,22,2011,407,31.83046683046683,0.8657894736842106,22,Piauí,3140328.0,12.960429611174375
279,9,23,2011,2632,30.09650455927052,0.8571428571428571,23,Ceará,8530155.0,30.85524237250085
280,10,24,2011,997,29.67001003009027,0.8459016393442623,24,Rio Grande do Norte,3198657.0,31.169331378763026
281,11,25,2011,1551,29.75177304964539,0.9495912806539508,25,Paraíba,3791315.0,40.909288729636025
282,12,26,2011,3306,30.421052631578952,0.9313026571613741,26,Pernambuco,8864906.0,37.29311963375584
283,13,27,2011,2218,29.25247971145176,0.9646489104116224,27,Alagoas,3143384.0,70.56089870025424
284,14,28,2011,726,31.004132231404963,0.9212707182320442,28,Sergipe,2089819.0,34.739850676063334
285,15,29,2011,5121,29.24975590704941,0.9202942979767014,29,Bahia,14097534.0,36.32550203461116
286,16,31,2011,4073,30.877976921188317,0.7071627436092128,31,Minas Gerais,19728701.0,20.645049058222334
287,17,32,2011,1597,29.182842830306825,0.8381294964028777,32,Espírito Santo,3547055.0,45.02326577963973
288,18,33,2011,4171,31.320067130184608,0.6765571358509073,33,Rio de Janeiro,16112678.0,25.88644792628513
289,19,35,2011,4811,33.58158387029724,0.4314438502673797,35,São Paulo,41587182.0,11.568468380473579
290,20,41,2011,3121,30.734700416533162,0.1966200844978876,41,Paraná,10512349.0,29.688892558646977
291,21,42,2011,768,32.317708333333336,0.16120576671035386,42,Santa Catarina,6317054.0,12.157565852690194
292,22,43,2011,2026,32.69200394866733,0.21819085487077536,43,Rio Grande do Sul,10733030.0,18.876309858446312
293,23,50,2011,663,33.62443438914027,0.621580547112462,50,Mato Grosso do Sul,2477542.0,26.760393971121378
294,24,51,2011,929,32.924650161463944,0.7379912663755459,51,Mato Grosso,3075936.0,30.20218886218699
295,25,52,2011,2100,30.36285714285714,0.7837037037037037,52,Goiás,6080716.0,34.53540668566004
296,26,53,2011,825,28.71151515151515,0.8707317073170732,53,Distrito Federal,2609998.0,31.609219623923085
297,324,11,2012,493,33.411764705882355,0.7338877338877339,11,Rondônia,1590011.0,31.00607480074037
298,325,12,2012,175,31.24,0.8924050632911392,12,Acre,758786.0,23.063156146792377
299,326,13,2012,1277,30.39154267815192,0.9164037854889591,13,Amazonas,3590985.0,35.56127357814082
300,327,14,2012,110,31.3,0.8425925925925926,14,Roraima,469524.0,23.42798238215725
301,328,15,2012,2945,29.5358234295416,0.9222069910897877,15,Pará,7777543.0,37.86542870929804
302,329,16,2012,207,27.468599033816425,0.900523560209424,16,Amapá,698602.0,29.630605122802397
303,330,17,2012,361,32.99722991689751,0.836676217765043,17,Tocantins,1417694.0,25.463887129380527
304,331,21,2012,1676,30.89260143198091,0.8931390406800243,21,Maranhão,6714314.0,24.961596970293613
305,332,22,2012,500,31.778000000000002,0.9006211180124224,22,Piauí,3160748.0,15.819040303118124
306,333,23,2012,3703,28.731028895490144,0.8875482625482626,23,Ceará,8606005.0,43.02809491744427
307,334,24,2012,1072,29.45988805970149,0.8217131474103586,24,Rio Grande do Norte,3228198.0,33.20738071208768
308,335,25,2012,1460,29.20890410958904,0.9425981873111784,25,Paraíba,3815171.0,38.26827159254461
309,336,26,2012,3186,30.126804770872567,0.94293210888816,26,Pernambuco,8931028.0,35.67338496755357
310,337,27,2012,1992,29.154116465863446,0.9561855670103092,27,Alagoas,3165472.0,62.92900395264908
311,338,28,2012,875,30.416,0.9172413793103448,28,Sergipe,2110867.0,41.452161599949214
312,339,29,2012,5614,28.82793017456359,0.9250139899272524,29,Bahia,14175341.0,39.60398554080639
313,340,31,2012,4383,29.99817476614191,0.7216518898740084,31,Minas Gerais,19855332.0,22.074674953810895
314,341,32,2012,1598,29.428660826032537,0.8722826086956522,32,Espírito Santo,3578067.0,44.66098594576345
315,342,33,2012,4099,31.04220541595511,0.6961615154536391,33,Rio de Janeiro,16231365.0,25.25357540786003
316,343,35,2012,5478,33.19477911646587,0.4473782075120863,35,São Paulo,41901219.0,13.073605328761438
317,344,41,2012,3276,30.431623931623932,0.21942892613283674,41,Paraná,10577755.0,30.97065492630525
318,345,42,2012,771,32.076523994811936,0.2125984251968504,42,Santa Catarina,6362734.0,12.117432537648124
319,346,43,2012,2338,32.3464499572284,0.2193632795464457,43,Rio Grande do Sul,10768025.0,21.71243101682992
320,347,50,2012,661,34.06505295007565,0.6615620214395099,50,Mato Grosso do Sul,2500365.0,26.436140323512767
321,348,51,2012,999,31.802802802802802,0.7581632653061224,51,Mato Grosso,3115336.0,32.067167072829385
322,349,52,2012,2573,30.28876797512631,0.7809637594583831,52,Goiás,6154996.0,41.80343902741773
323,350,53,2012,883,29.26160815402039,0.8950969213226908,53,Distrito Federal,2648532.0,33.339223388654545
324,27,11,2013,461,33.64425162689805,0.6785714285714286,11,Rondônia,1728214.0,26.674937247354787
325,28,12,2013,199,30.266331658291453,0.9065934065934066,12,Acre,776463.0,25.62903834438988
326,29,13,2013,1142,30.074430823117343,0.8975044563279857,13,Amazonas,3807921.0,29.990117967258247
327,30,14,2013,133,34.48872180451128,0.8372093023255814,14,Roraima,488072.0,27.250077857365305
328,31,15,2013,3122,30.385009609224852,0.9166121648136036,15,Pará,7969654.0,39.17359524014468
329,32,16,2013,210,27.209523809523805,0.8684210526315791,16,Amapá,734996.0,28.57158406304252
330,33,17,2013,323,33.8390092879257,0.8006430868167203,17,Tocantins,1478164.0,21.851431911479377
331,34,21,2013,2031,30.84490398818316,0.9054122407688416,21,Maranhão,6794301.0,29.892699778829346
332,35,22,2013,574,30.893728222996515,0.8766355140186916,22,Piauí,3184166.0,18.026698356806772
333,36,23,2013,4324,28.818917668825158,0.8946705832983634,23,Ceará,8778576.0,49.256280289650626
334,37,24,2013,1373,28.980335032774946,0.8492822966507177,24,Rio Grande do Norte,3373959.0,40.69403332998415
335,38,25,2013,1509,29.487740225314774,0.9339762611275964,25,Paraíba,3914421.0,38.54976253193001
336,39,26,2013,2976,30.38541666666667,0.9268630849220104,26,Pernambuco,9208550.0,32.3177916175728
337,40,27,2013,2084,28.480326295585407,0.9468455042225534,27,Alagoas,3300935.0,63.13362729044953
338,41,28,2013,953,30.42182581322141,0.9125395152792412,28,Sergipe,2195662.0,43.40376615344256
339,42,29,2013,5248,29.207888719512194,0.933359543935522,29,Bahia,15044137.0,34.88402159592139
340,43,31,2013,4467,30.213790015670465,0.729470802919708,31,Minas Gerais,20593356.0,21.691462042417953
341,44,32,2013,1562,28.31370038412292,0.8492967180174146,32,Espírito Santo,3839366.0,40.68380039829493
342,45,33,2013,4385,30.38312428734321,0.6958834412580943,33,Rio de Janeiro,16369179.0,26.788148629812163
343,46,35,2013,5148,33.45027195027195,0.45126993502658,35,São Paulo,43663669.0,11.790122355498802
344,47,41,2013,2748,30.911208151382823,0.20703554415536826,41,Paraná,10997465.0,24.987576682444544
345,48,42,2013,739,33.35453315290934,0.15384615384615385,42,Santa Catarina,6634254.0,11.139157469701944
346,49,43,2013,2282,33.033742331288344,0.21578243423985727,43,Rio Grande do Sul,11164043.0,20.44062352679939
347,50,50,2013,615,33.663414634146335,0.6356209150326797,50,Mato Grosso do Sul,2587269.0,23.77023803864229
348,51,51,2013,1091,32.599450045829514,0.7623485554520038,51,Mato Grosso,3182113.0,34.28539464186218
349,52,52,2013,2787,30.548977395048443,0.7784277879341864,52,Goiás,6434048.0,43.31643158397326
350,53,53,2013,786,28.67302798982188,0.8985879332477535,53,Distrito Federal,2789761.0,28.174456521544318
351,351,11,2014,536,34.72761194029851,0.7369402985074627,11,Rondônia,1748531.0,30.65430352678906
352,352,12,2014,208,31.30769230769231,0.7980769230769231,12,Acre,790101.0,26.32574822712539
353,353,13,2014,1199,30.343619683069225,0.8990825688073395,13,Amazonas,3873743.0,30.951975905474367
354,354,14,2014,57,36.43859649122807,0.8070175438596491,14,Roraima,496936.0,11.470289936732296
355,355,15,2014,3106,30.220862846104318,0.9156471345782357,15,Pará,8073924.0,38.469522378461825
356,356,16,2014,246,27.894308943089428,0.902439024390244,16,Amapá,750912.0,32.760163641012525
357,357,17,2014,350,30.84285714285714,0.7914285714285715,17,Tocantins,1496880.0,23.38196782641227
358,358,21,2014,2324,30.449225473321857,0.8898450946643718,21,Maranhão,6850884.0,33.922629546785494
359,359,22,2014,705,30.581560283687946,0.8184397163120567,22,Piauí,3194718.0,22.06767545680088
360,360,23,2014,4510,28.547450110864744,0.5401330376940133,23,Ceará,8842791.0,51.001996993935514
361,361,24,2014,1545,28.309385113268608,0.8116504854368932,24,Rio Grande do Norte,3408510.0,45.327723844143044
362,362,25,2014,1515,29.599339933993395,0.8699669966996699,25,Paraíba,3943885.0,38.413898985391306
363,363,26,2014,3178,30.216803020767774,0.868785399622404,26,Pernambuco,9277727.0,34.254079689993034
364,364,27,2014,2042,29.361410381978448,0.9343780607247796,27,Alagoas,3321730.0,61.473990962540604
365,365,28,2014,1090,30.028440366972475,0.9146788990825688,28,Sergipe,2219574.0,49.108522626413894
366,366,29,2014,5682,29.21031326997536,0.901619148187258,29,Bahia,15126371.0,37.5635372158993
367,367,31,2014,4395,30.590671217292382,0.7292377701934016,31,Minas Gerais,20734097.0,21.19696845249639
368,368,32,2014,1555,28.823794212218647,0.8186495176848875,32,Espírito Santo,3885049.0,40.02523520295368
369,369,33,2014,4948,30.47130153597413,0.7006871463217461,33,Rio de Janeiro,16461173.0,30.058611254495656
370,370,35,2014,5272,33.05804248861912,0.4641502276176024,35,São Paulo,44035304.0,11.972212114170938
371,371,41,2014,2828,31.61562942008486,0.20297029702970296,41,Paraná,11081692.0,25.519568672365196
372,372,42,2014,826,33.937046004842614,0.18280871670702176,42,Santa Catarina,6727148.0,12.278606030371266
373,373,43,2014,2695,32.4126159554731,0.2293135435992579,43,Rio Grande do Sul,11207274.0,24.046882408692785
374,374,50,2014,676,32.43639053254438,0.6183431952662722,50,Mato Grosso do Sul,2619657.0,25.804904993287288
375,375,51,2014,1257,32.88305489260143,0.7589498806682577,51,Mato Grosso,3224357.0,38.98451691298451
376,376,52,2014,2763,30.16576185305827,0.7625769091567137,52,Goiás,6523222.0,42.35636929112638
377,377,53,2014,796,29.28517587939698,0.8479899497487438,53,Distrito Federal,2852372.0,27.906598438071892
378,378,11,2015,575,33.67652173913044,0.7583774250440917,11,Rondônia,1768204.0,32.51887225682104
379,379,12,2015,201,32.38805970149254,0.8585858585858586,12,Acre,803513.0,25.01515221284534
380,380,13,2015,1416,29.72104519774011,0.9304471256210078,13,Amazonas,3938336.0,35.95427104238947
381,381,14,2015,79,33.962025316455694,0.8333333333333334,14,Roraima,505665.0,15.622991506234364
382,382,15,2015,3321,30.71875940981632,0.9370223173341484,15,Pará,8175113.0,40.62329169028
383,383,16,2015,272,29.16544117647059,0.9496124031007752,16,Amapá,766679.0,35.47769014150642
384,384,17,2015,474,31.55907172995781,0.7934065934065934,17,Tocantins,1515126.0,31.28452683143184
385,385,21,2015,2281,31.177115300306887,0.8882431828341529,21,Maranhão,6904241.0,33.03766482079637
386,386,22,2015,627,31.57575757575757,0.899488926746167,22,Piauí,3204028.0,19.5691173735061
387,387,23,2015,3996,29.2997997997998,0.9085619285120532,23,Ceará,8904459.0,44.876392827458695
388,388,24,2015,1491,28.97719651240778,0.8917748917748918,24,Rio Grande do Norte,3442175.0,43.31563618932797
389,389,25,2015,1480,30.44864864864865,0.9353891336270193,25,Paraíba,3972202.0,37.2589309405715
390,390,26,2015,3737,29.82954241370083,0.8922659430122116,26,Pernambuco,9345173.0,39.988558799286004
391,391,27,2015,1714,28.90840140023337,0.9690107270560192,27,Alagoas,3340932.0,51.30304956820432
392,392,28,2015,1295,30.21544401544401,0.9411309062742059,28,Sergipe,2242937.0,57.736797778983544
393,393,29,2015,5520,29.55344202898551,0.9351783060921248,29,Bahia,15203334.0,36.30782563877107
394,394,31,2015,4211,31.122298741391592,0.7492155442915761,31,Minas Gerais,20869101.0,20.17815717121691
395,395,32,2015,1372,29.42128279883382,0.8650116369278511,32,Espírito Santo,3929911.0,34.9117320977498
396,396,33,2015,4403,30.554394730865322,0.7095808383233533,33,Rio de Janeiro,16550024.0,26.604191027155007
397,397,35,2015,4622,33.77693639117265,0.4718433787945446,35,São Paulo,44396484.0,10.41073432752017
398,398,41,2015,2733,32.09659714599341,0.2280118255728012,41,Paraná,11163018.0,24.482626472518454
399,399,42,2015,896,33.59375,0.2183257918552036,42,Santa Catarina,6819190.0,13.139390455464651
400,400,43,2015,2892,32.45435684647302,0.22416812609457093,43,Rio Grande do Sul,11247972.0,25.71130155729406
401,401,50,2015,625,34.5296,0.6403225806451613,50,Mato Grosso do Sul,2651235.0,23.57391932439033
402,402,51,2015,1132,33.05388692579505,0.7935368043087971,51,Mato Grosso,3265486.0,34.66559035929108
403,403,52,2015,2857,30.22121106055303,0.7693674484719261,52,Goiás,6610681.0,43.21793775860611
404,404,53,2015,718,30.644846796657387,0.8154929577464789,53,Distrito Federal,2914830.0,24.632654391508254
